[
  {
    "ProcessingStepId": "C4E788E5660D466DB9D967BDA3E4446F",
    "FlowId": "2896a3bda75641b2ae292f30a045b866",
    "PictureName": "202103151130504439",
    "UpActualFileName": "202105311358241318.jpg"
  },
  {
    "ProcessingStepId": "0e527bd9edf44c33895811808fa8902d",
    "FlowId": "a449b7d1012f4f4eab2e7c91cd8678b0",
    "PictureName": "dog1",
    "UpActualFileName": "202105311013059169.jpeg"
  },
  {
    "ProcessingStepId": "b7914dfbdbf64b2c9b28d4b54865a538",
    "FlowId": "5f3794ff5455487f8a450760022a38ff",
    "PictureName": "S__32636931",
    "UpActualFileName": "202105311033555956.jpg"
  },
  {
    "ProcessingStepId": "915421c6c4324dba81a91b69ae83f74e",
    "FlowId": "56ac2b2a524d4a31a574d8d22bb7e946",
    "PictureName": "綿羊",
    "UpActualFileName": "202105311136524468.jpg"
  },
  {
    "ProcessingStepId": "5a5a9afa9eb64006add2ed8627a1b7f7",
    "FlowId": "b7a6ad6afa8f4362ba03b5184a9795a0",
    "PictureName": "電子簽章流程圖2",
    "UpActualFileName": "202107121152503670.gif"
  },
  {
    "ProcessingStepId": "f10826fe5a004f88bdcde06976c73559",
    "FlowId": "b7a6ad6afa8f4362ba03b5184a9795a0",
    "PictureName": "電子簽章流程圖",
    "UpActualFileName": "202107121152503660.gif"
  },
  {
    "ProcessingStepId": "904fa125033a473e8336db1dc62e9e8c",
    "FlowId": "b7a6ad6afa8f4362ba03b5184a9795a0",
    "PictureName": "電子簽章流程圖1",
    "UpActualFileName": "202107121153553226.gif"
  },
  {
    "ProcessingStepId": "e5bd9a6deeaa493fb86410334ff7aa1b",
    "FlowId": "8e80f03e3a194b6398a7a5436d9ecf35",
    "PictureName": "非都市土地變更編定流程圖",
    "UpActualFileName": "202107141145204883.jpg"
  },
  {
    "ProcessingStepId": "327bd00dbd9042d8b5547c0e42b9a367",
    "FlowId": "67714099be6844929e31625c867a1294",
    "PictureName": "dog1",
    "UpActualFileName": "202109021717257862.jpeg"
  },
  {
    "ProcessingStepId": "bd3cfa0ee58b418b978d48347368ee83",
    "FlowId": "cbd7e1f374ad44f8adc01dc2217dd74b",
    "PictureName": "地政流程圖",
    "UpActualFileName": "202109161629468131.png"
  },
  {
    "ProcessingStepId": "82cb77bcab19480a9c776e4593188696",
    "FlowId": "54f0e913afcd4a2ab4950b489c107f6d",
    "PictureName": "雲層",
    "UpActualFileName": "202105271653130285.jpg"
  },
  {
    "ProcessingStepId": "ee667c15912a4b4888cd9b4d2f394467",
    "FlowId": "54f0e913afcd4a2ab4950b489c107f6d",
    "PictureName": "綿羊",
    "UpActualFileName": "202105271644347872.jpg"
  },
  {
    "ProcessingStepId": "41c8803d17124e17819931ce3fa5eaed",
    "FlowId": "0b729c3499244098bc551fb947598c40",
    "PictureName": "202103151130504439",
    "UpActualFileName": "202105311358241318.jpg"
  }
]