[
  {
    "ExplanationDetialId": "75ACDD6F0B09421FAB359843855221E5",
    "ExplanationId": "B486BA6A417D4ECE89BF80D2B8501E13",
    "ExplanationRelatedId": "B7368501C94E45A78DF255C9AEBBA27A",
    "ExplanationLevel": "R0"
  },
  {
    "ExplanationDetialId": "ffd052ab651944c89cb420fad36efeec",
    "ExplanationId": "A8C04928D058467AAACD855269237B5D",
    "ExplanationRelatedId": "D91294FEAC5E48B485770A0044304C49",
    "ExplanationLevel": "R2"
  },
  {
    "ExplanationDetialId": "6456da5e03104c988ecdf8b77b93266f",
    "ExplanationId": "8e147ad94dfb4c81b445bdda9467194f",
    "ExplanationRelatedId": "dcffa4b230f24b9aa0f407ea07baf8d2",
    "ExplanationLevel": "R2"
  },
  {
    "ExplanationDetialId": "D6ADE786137B46A8BE977C1EF7238525",
    "ExplanationId": "6B85D44FD25B4A71B476F331A5EDDBD3",
    "ExplanationRelatedId": "3F982C817D6E45E48EC282FCF46D8087",
    "ExplanationLevel": "R1"
  },
  {
    "ExplanationDetialId": "d4bba8a58c88407bb3b440ed7f77fb05",
    "ExplanationId": "A8C04928D058467AAACD855269237B5D",
    "ExplanationRelatedId": "414378CF63274609B7EA06B7B430DABF",
    "ExplanationLevel": "R1"
  },
  {
    "ExplanationDetialId": "21BFB5348DB2432195D0A8ACB28FE28A",
    "ExplanationId": "74B06ECB8EB0488BA844BDFF8B5B2364",
    "ExplanationRelatedId": "B7368501C94E45A78DF255C9AEBBA27A",
    "ExplanationLevel": "R0"
  },
  {
    "ExplanationDetialId": "B45E56BC66D0443EB2E3BFDC762168A4",
    "ExplanationId": "74B06ECB8EB0488BA844BDFF8B5B2364",
    "ExplanationRelatedId": "1b24de1f985041a180d7bf9d23c497ba",
    "ExplanationLevel": "R0"
  },
  {
    "ExplanationDetialId": "b046415f077243ae8b97b36c21c7d60b",
    "ExplanationId": "a5c02370b66a46b89414668438a8fdf1",
    "ExplanationRelatedId": "545AF658962F41BC9CD96F50607AC527",
    "ExplanationLevel": "R2"
  },
  {
    "ExplanationDetialId": "05724f1308834988b1c99b3fc7a9ebf5",
    "ExplanationId": "44ae9e425ec04978a4f901892c6ecb47",
    "ExplanationRelatedId": "1b24de1f985041a180d7bf9d23c497ba",
    "ExplanationLevel": "R0"
  },
  {
    "ExplanationDetialId": "8a1495a314214c54b74e4b36e6764b4a",
    "ExplanationId": "5db67fd124a64fb489de9916de3cd668",
    "ExplanationRelatedId": "dff28edfa9b24040bfa8042a38df7fa8",
    "ExplanationLevel": "R0"
  },
  {
    "ExplanationDetialId": "409dddd7091a482db65d94ba11a2fa2f",
    "ExplanationId": "7e7f4732f72b4af38bc95406e2b3178a",
    "ExplanationRelatedId": "6E2850ECA35644A7942C81C0AB791D7F",
    "ExplanationLevel": "R0"
  },
  {
    "ExplanationDetialId": "9b2f25ea2c88452db7f51b03ec5f6b1c",
    "ExplanationId": "a4262c07638440abb9c36792dbbd41e0",
    "ExplanationRelatedId": "12 17 2020  5:00PM              ",
    "ExplanationLevel": "R1"
  },
  {
    "ExplanationDetialId": "5a86ef5369e04dce8af02955342f415d",
    "ExplanationId": "0553757cf7034e6e9f7cfe557bfa4249",
    "ExplanationRelatedId": "545AF658962F41BC9CD96F50607AC527",
    "ExplanationLevel": "R2"
  },
  {
    "ExplanationDetialId": "360e68cc4b904e9687e07c587cdf4acc",
    "ExplanationId": "495ec5c4aac045839cc4fbd2a5072a3f",
    "ExplanationRelatedId": "FDA071A4D80046C18791B2DE9338FD0C",
    "ExplanationLevel": "R2"
  },
  {
    "ExplanationDetialId": "0580d85e53d14613af7be43e812cb303",
    "ExplanationId": "592b4d8a488444c896c135f38e5e4389",
    "ExplanationRelatedId": "dff28edfa9b24040bfa8042a38df7fa8",
    "ExplanationLevel": "R0"
  },
  {
    "ExplanationDetialId": "d59524d8239d4ddc801d94c3d36b2dd2",
    "ExplanationId": "6c70d7d85d824c43b61100d14096ef64",
    "ExplanationRelatedId": "72f3cfb1c2804e609335cf176ff256cf",
    "ExplanationLevel": "R2"
  },
  {
    "ExplanationDetialId": "afb94f49359d4e628707d8880b17dfed",
    "ExplanationId": "7511ca3f9d474cea84ebcda4cf462a26",
    "ExplanationRelatedId": "72f3cfb1c2804e609335cf176ff256cf",
    "ExplanationLevel": "R2"
  },
  {
    "ExplanationDetialId": "ee2144739d614852a040d2e80a994628",
    "ExplanationId": "7717E86148C3439BB6FD5BB13252DEAE",
    "ExplanationRelatedId": "AB58545E2F424BB3A09E2DCDF75B0906",
    "ExplanationLevel": "R0"
  },
  {
    "ExplanationDetialId": "71e99821c5cd412aaba8f83902db7441",
    "ExplanationId": "7717E86148C3439BB6FD5BB13252DEAE",
    "ExplanationRelatedId": "9ff6eb49b5b74b8a886182d1ce9720ce",
    "ExplanationLevel": "R0"
  },
  {
    "ExplanationDetialId": "7363b14340d24422aa3763af3d431a42",
    "ExplanationId": "A8C04928D058467AAACD855269237B5D",
    "ExplanationRelatedId": "6E2850ECA35644A7942C81C0AB791D7F",
    "ExplanationLevel": "R0"
  },
  {
    "ExplanationDetialId": "8fe407d88c5e49a8b047202cdaae1dc5",
    "ExplanationId": "1a53f66d7bdb4e8fac06fdf7de39b719",
    "ExplanationRelatedId": "AB58545E2F424BB3A09E2DCDF75B0906",
    "ExplanationLevel": "R0"
  },
  {
    "ExplanationDetialId": "b798318d88664aceb2d738a340cb0ccb",
    "ExplanationId": "bba21ea29b3f49e58e31022b92d86c78",
    "ExplanationRelatedId": "AB58545E2F424BB3A09E2DCDF75B0906",
    "ExplanationLevel": "R0"
  },
  {
    "ExplanationDetialId": "17f7a55c44b94cc68e22e95cad693a90",
    "ExplanationId": "e79a7b1bdd8a4c57afcecd4ac2662562",
    "ExplanationRelatedId": "B7368501C94E45A78DF255C9AEBBA27A",
    "ExplanationLevel": "R0"
  },
  {
    "ExplanationDetialId": "3207ed7e933943f8aa27534a308b673e",
    "ExplanationId": "1f5de6cfe3f649d38d315b8b94f52f3f",
    "ExplanationRelatedId": "37b62af6eef5443682638e8f45db4f01",
    "ExplanationLevel": "R2"
  },
  {
    "ExplanationDetialId": "2f708d5484eb4d47affe80c456cf3972",
    "ExplanationId": "5b5ee783b0064379b0f06859a018489a",
    "ExplanationRelatedId": "6E2850ECA35644A7942C81C0AB791D7F",
    "ExplanationLevel": "R0"
  },
  {
    "ExplanationDetialId": "2c71143828bb45c58ea32a7566bf73c3",
    "ExplanationId": "f053ffaef75344f19d901254c925c226",
    "ExplanationRelatedId": "B7368501C94E45A78DF255C9AEBBA27A",
    "ExplanationLevel": "R0"
  },
  {
    "ExplanationDetialId": "652fa8bb545849f58d1e47e0fe088339",
    "ExplanationId": "af755ed8073e4d62a2feab0fe0f7a8cc",
    "ExplanationRelatedId": "9ff6eb49b5b74b8a886182d1ce9720ce",
    "ExplanationLevel": "R0"
  },
  {
    "ExplanationDetialId": "919b0cff2e6441dba20eda6bdcd3e172",
    "ExplanationId": "9e0118a4995c429c84d8a86864bd76f0",
    "ExplanationRelatedId": "8c72114a8fe9401a9edcbe4a95db2962",
    "ExplanationLevel": "R2"
  },
  {
    "ExplanationDetialId": "68039b09864d42158a1ae502532fa129",
    "ExplanationId": "18b7dcacd0084ab3b0f62de74e6ebcd1",
    "ExplanationRelatedId": "b3c3d24503634cd1ae300cddd53e5857",
    "ExplanationLevel": "R2"
  },
  {
    "ExplanationDetialId": "e2b7c535f3744753bc94fb7a379997a7",
    "ExplanationId": "e3b5b223fc394a3aadaf4959e404348c",
    "ExplanationRelatedId": "b3c3d24503634cd1ae300cddd53e5857",
    "ExplanationLevel": "R2"
  },
  {
    "ExplanationDetialId": "137bfa93a0fc48e6a46fce8ff6cc7e46",
    "ExplanationId": "64867831bd08405c8a06a2fbcf005cd6",
    "ExplanationRelatedId": "1f33666a94e74bb387ee9de26b807ca7",
    "ExplanationLevel": "R2"
  },
  {
    "ExplanationDetialId": "ff9a5ec7f94248e28745930f534c388e",
    "ExplanationId": "64867831bd08405c8a06a2fbcf005cd6",
    "ExplanationRelatedId": "a9c178ff2691443f806ff01daef91168",
    "ExplanationLevel": "R2"
  },
  {
    "ExplanationDetialId": "b81349371cdd4ba0986a266d28ae62f4",
    "ExplanationId": "64867831bd08405c8a06a2fbcf005cd6",
    "ExplanationRelatedId": "9c9bfb8f7eca43bf95886fba42211b02",
    "ExplanationLevel": "R2"
  },
  {
    "ExplanationDetialId": "700109a7f63e4d38956f118ee3241434",
    "ExplanationId": "5941d03523de43f0af69f00ba885f6d2",
    "ExplanationRelatedId": "e742ff6d1519420b81683719a1c92e04",
    "ExplanationLevel": "R2"
  },
  {
    "ExplanationDetialId": "2509fd4b2441480e88e61801f5103903",
    "ExplanationId": "c2a3d1305e854583889307cbd83c4423",
    "ExplanationRelatedId": "5603bb6f92274130be6252cc41312f89",
    "ExplanationLevel": "R2"
  },
  {
    "ExplanationDetialId": "81f85dcf06544551927124e282e3192e",
    "ExplanationId": "80d268bcb564494a8a0062a8249e9c60",
    "ExplanationRelatedId": "42da90a2dd864469b0658d7b916527a1",
    "ExplanationLevel": "R2"
  },
  {
    "ExplanationDetialId": "0ac5d3ff96164fa8b4272a89cc8002ce",
    "ExplanationId": "6e0c907bc9eb430bb659aa006516d667",
    "ExplanationRelatedId": "073bc7bad41542e4bf966524f9091850",
    "ExplanationLevel": "R0"
  },
  {
    "ExplanationDetialId": "c5ec1460e7364184a38467354293d11d",
    "ExplanationId": "8525277e983443cfaf66b656b56c9cf2",
    "ExplanationRelatedId": "cdeff649d8f440779e663a005af2c0fc",
    "ExplanationLevel": "R0"
  },
  {
    "ExplanationDetialId": "f9774ada6d4b4fc0905de7b0f3e9250a",
    "ExplanationId": "dc9de2f70e504c29b133f6830dd15a8e",
    "ExplanationRelatedId": "ad2173e23c314fa3be8e97b494c4e7a1",
    "ExplanationLevel": "R2"
  },
  {
    "ExplanationDetialId": "fe686aad1f7249aeac1dbac1a5827ee7",
    "ExplanationId": "e3b5b223fc394a3aadaf4959e404348c",
    "ExplanationRelatedId": "42da90a2dd864469b0658d7b916527a1",
    "ExplanationLevel": "R2"
  },
  {
    "ExplanationDetialId": "798d69c47e4d45c7971289394284792a",
    "ExplanationId": "c6107fc245d14e8e8819b553f3ee9602",
    "ExplanationRelatedId": "c1d29a7c5a934d30a12aaeaa00be9731",
    "ExplanationLevel": "R2"
  },
  {
    "ExplanationDetialId": "47dda03da40847adbba26712b635f3e4",
    "ExplanationId": "B8ECE6BAB2F04E7EA248443ECB493488",
    "ExplanationRelatedId": "1675b5d13b7d40f99b7b7fb1388a6c0c",
    "ExplanationLevel": "R1"
  },
  {
    "ExplanationDetialId": "285add4bf82049349c6e7be4a306e652",
    "ExplanationId": "B8ECE6BAB2F04E7EA248443ECB493488",
    "ExplanationRelatedId": "414378CF63274609B7EA06B7B430DABF",
    "ExplanationLevel": "R1"
  },
  {
    "ExplanationDetialId": "c01559a22f894014879dde37f275cf67",
    "ExplanationId": "c08566bb070546c89d4d0942d6271470",
    "ExplanationRelatedId": "                                ",
    "ExplanationLevel": "R0"
  }
]