[
  {
    "ProvisionId": "bf8e5128713b4b7aa3dc295a1fc968bb",
    "RegulationId": null,
    "ChapterId": "ea596aa0af02460c9d618d2458143538",
    "ProvisionTitle": "測試條文",
    "ProvisionContent": "&lt;p&gt;測試條文0916112132&lt;/p&gt;\n"
  },
  {
    "ProvisionId": "3527742b5c384953b8693932292ad58e",
    "RegulationId": null,
    "ChapterId": "7693c5fea7bf407db91175cd8bec1994",
    "ProvisionTitle": "123",
    "ProvisionContent": "&lt;p&gt;132&lt;/p&gt;\n"
  },
  {
    "ProvisionId": "e5769677bd594e128f0c198f592520b3",
    "RegulationId": null,
    "ChapterId": "7f2cdb15ace941c59b9bf4c078405159",
    "ProvisionTitle": "第1條",
    "ProvisionContent": "&lt;p&gt;本辦法依農業發展條例（以下簡稱本條例）第十八條第五項規定訂定之。&lt;/p&gt;\n"
  },
  {
    "ProvisionId": "dcffa4b230f24b9aa0f407ea07baf8d2",
    "RegulationId": null,
    "ChapterId": "1675b5d13b7d40f99b7b7fb1388a6c0c",
    "ProvisionTitle": "第1條",
    "ProvisionContent": "&lt;p&gt;本細則依國有財產法（以下簡稱本法）第七十六條之規定訂定之。&lt;/p&gt;\n"
  },
  {
    "ProvisionId": "a2d49e4a8abc43de800d5c993c26c9df",
    "RegulationId": null,
    "ChapterId": "87caf827f12a4923b135f0f6c1c2bd79",
    "ProvisionTitle": "第1條",
    "ProvisionContent": "&lt;p&gt;本規則依土地法第三十七條第二項規定訂定之。&lt;/p&gt;\n"
  },
  {
    "ProvisionId": "53eb9128b0634671b3191d09454c7718",
    "RegulationId": null,
    "ChapterId": "ec5838f919b44b1381419fab0f35d4a4",
    "ProvisionTitle": "第1條",
    "ProvisionContent": "&lt;p&gt;各級政府徵收工程受益費，依本條例之規定；本條例未規定者，依其他有&lt;br /&gt;\n關法令之規定。&lt;/p&gt;\n"
  },
  {
    "ProvisionId": "42da90a2dd864469b0658d7b916527a1",
    "RegulationId": null,
    "ChapterId": "ddfda81d6de947fb8853a1e17a100547",
    "ProvisionTitle": "第1條",
    "ProvisionContent": "&lt;p&gt;為推動電子交易之普及運用，確保電子交易之安全，促進電子化政府及電子商務之發展，特制定本法。&lt;br /&gt;\n本法未規定者，適用其他法律之規定。&lt;/p&gt;\n"
  },
  {
    "ProvisionId": "88818bfd4af14213b12cd574542a940d",
    "RegulationId": null,
    "ChapterId": "ca35e02925874967801a2081587c43d4",
    "ProvisionTitle": "第1條",
    "ProvisionContent": "&lt;p&gt;本規則依區域計畫法（以下簡稱本法）第十五條第一項規定訂定之。&lt;/p&gt;\n"
  },
  {
    "ProvisionId": "C160D777CD6C4E579ABC44C9D1A93FE1",
    "RegulationId": null,
    "ChapterId": "3F982C817D6E45E48EC282FCF46D8087",
    "ProvisionTitle": "第1條",
    "ProvisionContent": "&lt;p&gt;本規則依森林法 (以下簡稱本法) 第四十五條第一項規定訂定之...。&lt;/p&gt;\n"
  },
  {
    "ProvisionId": "9D414F389BBA47D9BFB3D1FE9CB1CEA4",
    "RegulationId": "B7368501C94E45A78DF255C9AEBBA27A",
    "ChapterId": "A6096B2FB9BA4F59BA65ED3DCD4BC55D",
    "ProvisionTitle": "第1條",
    "ProvisionContent": "為保育森林資源，發揮森林公益及經濟效用，並為保護具有保存價值之樹木及其生長環境，制定本法。"
  },
  {
    "ProvisionId": "72f3cfb1c2804e609335cf176ff256cf",
    "RegulationId": null,
    "ChapterId": "415b9b213eb84fe889266266817c0a59",
    "ProvisionTitle": "第 1 條",
    "ProvisionContent": "&lt;p&gt;本辦法依文化資產保存法（以下簡稱本法）第八十六條第二項規定訂定之&lt;br /&gt;\n。&lt;/p&gt;\n"
  },
  {
    "ProvisionId": "48f46e927efe4ec09f2ac3317a7e4ace",
    "RegulationId": null,
    "ChapterId": "e17ab6bbd8654b7bbb71865bb5ec6ba1",
    "ProvisionTitle": "第一條",
    "ProvisionContent": "&lt;p&gt;本規則所稱林產物，係指國、公有或私有林之主產物及副產物。但非供營林為目的者不在此限。&lt;/p&gt;\n"
  },
  {
    "ProvisionId": "37b62af6eef5443682638e8f45db4f01",
    "RegulationId": null,
    "ChapterId": "504367d5f3c649f8b8e19b53119a7ec9",
    "ProvisionTitle": "第1條",
    "ProvisionContent": "&lt;p&gt;本規程依行政院農業委員會林務局暫行組織規程第十一條規定訂定之。&lt;/p&gt;\n"
  },
  {
    "ProvisionId": "3a8bdb1d9f8e4e06ba8875e7217fdf5b",
    "RegulationId": null,
    "ChapterId": "A6096B2FB9BA4F59BA65ED3DCD4BC55D",
    "ProvisionTitle": "第壹條",
    "ProvisionContent": "&lt;p&gt;壹&lt;/p&gt;\n"
  },
  {
    "ProvisionId": "b2ca6dba13bd40a7acf00c143cee901c",
    "RegulationId": null,
    "ChapterId": "9d13354807de4a4b9a4e106341b5873c",
    "ProvisionTitle": "第1條",
    "ProvisionContent": "&lt;p&gt;國有財產之取得、保管、使用、收益及處分，依本法之規定；本法未規定者，適用其他法律。&lt;/p&gt;\n"
  },
  {
    "ProvisionId": "7c06bd2fb62f40b8a7c74a597fdc5cda",
    "RegulationId": null,
    "ChapterId": "9d13354807de4a4b9a4e106341b5873c",
    "ProvisionTitle": "第2條",
    "ProvisionContent": "&lt;p&gt;國家依據法律規定，或基於權力行使，或由於預算支出，或由於接受捐贈所取得之財產，為國有財產。&lt;br /&gt;\n凡不屬於私有或地方所有之財產，除法律另有規定外，均應視為國有財產。&lt;/p&gt;\n"
  },
  {
    "ProvisionId": "ad2173e23c314fa3be8e97b494c4e7a1",
    "RegulationId": null,
    "ChapterId": "504367d5f3c649f8b8e19b53119a7ec9",
    "ProvisionTitle": "第2條",
    "ProvisionContent": "&lt;p&gt;行政院農業委員會林務局設羅東、新竹、東勢、南投、嘉義、屏東、臺東、花蓮林區管理處（以下簡稱各林區管理處），掌理下列事項：&lt;br /&gt;\n一、林地管理、森林保護、林業推廣等事項。&lt;br /&gt;\n二、保安林之經營管理、集水區治山防洪工程、林道維護管理及水土保持等事項。&lt;br /&gt;\n三、林業計畫、育林及林產物處分、利用等事項。&lt;br /&gt;\n四、森林遊樂區之管理、自然生態保護區之管理及解說服務等事項。&lt;br /&gt;\n五、森林鐵路客運、貨運及土木、機電、材料之管理等事項。&lt;/p&gt;\n"
  },
  {
    "ProvisionId": "7c09660c1438449eab7f9ed3a79ea5b7",
    "RegulationId": null,
    "ChapterId": "415b9b213eb84fe889266266817c0a59",
    "ProvisionTitle": "第 2 條",
    "ProvisionContent": "&lt;p&gt;有下列情形之一者，得經主管機關許可進入自然保留區：&lt;br /&gt;\n一、原住民族為傳統文化、祭儀之需要。&lt;br /&gt;\n二、研究機構或大專院校為學術研究之需要。&lt;br /&gt;\n三、民眾為環境教育之需要。&lt;br /&gt;\n四、其他經主管機關認可之特殊需要。&lt;br /&gt;\n違反第八條所列行為之一者，主管機關於該違規事實發生之日起三年內，&lt;br /&gt;\n不得許可其進入自然保留區。&lt;/p&gt;\n"
  },
  {
    "ProvisionId": "BD54416C9A154B26BC4EBBD3AEC5DE53",
    "RegulationId": "B7368501C94E45A78DF255C9AEBBA27A",
    "ChapterId": "A6096B2FB9BA4F59BA65ED3DCD4BC55D",
    "ProvisionTitle": "第2條",
    "ProvisionContent": "本法所稱主管機關：在中央為行政院農業委員會；在直轄市為直轄市政府；在縣(市)為縣(市)政府。"
  },
  {
    "ProvisionId": "D91294FEAC5E48B485770A0044304C49",
    "RegulationId": null,
    "ChapterId": "3F982C817D6E45E48EC282FCF46D8087",
    "ProvisionTitle": "第2條",
    "ProvisionContent": "<p>本規則所稱林產物，係指國、公有或私有林之主產物及副產物。但非供營林為目的者不在此限。</p>"
  },
  {
    "ProvisionId": "cd750b226b8f4fb68184acf4bfa70973",
    "RegulationId": null,
    "ChapterId": "ddfda81d6de947fb8853a1e17a100547",
    "ProvisionTitle": "第2條",
    "ProvisionContent": "&lt;p&gt;本法用詞定義如下：&lt;br /&gt;\n一、電子文件：指文字、聲音、圖片、影像、符號或其他資料，以電子或其他以人之知覺無法直接認識之方式，所製成足以表示其用意之紀錄，而供電子處理之用者。&lt;br /&gt;\n二、電子簽章：指依附於電子文件並與其相關連，用以辨識及確認電子文件簽署人身分、資格及電子文件真偽者。&lt;br /&gt;\n三、數位簽章：指將電子文件以數學演算法或其他方式運算為一定長度之數位資料，以簽署人之私密金鑰對其加密，形成電子簽章，並得以公開金鑰加以驗證者。&lt;br /&gt;\n四、加密：指利用數學演算法或其他方法，將電子文件以亂碼方式處理。&lt;br /&gt;\n五、憑證機構：指簽發憑證之機關、法人。&lt;br /&gt;\n六、憑證：指載有簽章驗證資料，用以確認簽署人身分、資格之電子形式證明。&lt;br /&gt;\n七、憑證實務作業基準：指由憑證機構對外公告，用以陳述憑證機構據以簽發憑證及處理其他認證業務之作業準則。&lt;br /&gt;\n八、資訊系統：指產生、送出、收受、儲存或其他處理電子形式訊息資料之系統。&lt;/p&gt;\n"
  },
  {
    "ProvisionId": "a26d334a410548fb9ad3df807c41bb73",
    "RegulationId": null,
    "ChapterId": "87caf827f12a4923b135f0f6c1c2bd79",
    "ProvisionTitle": "第2條",
    "ProvisionContent": "&lt;p&gt;土地登記，謂土地及建築改良物 (以下簡稱建物) 之所有權與他項權利之登記。&lt;/p&gt;\n"
  },
  {
    "ProvisionId": "6cedc7429c3249ad86c34e4854003650",
    "RegulationId": null,
    "ChapterId": "A6096B2FB9BA4F59BA65ED3DCD4BC55D",
    "ProvisionTitle": "貳",
    "ProvisionContent": "&lt;p&gt;貳&lt;/p&gt;\n"
  },
  {
    "ProvisionId": "c01f3edd5e6d488eb46a75d9ce54b329",
    "RegulationId": null,
    "ChapterId": "ec5838f919b44b1381419fab0f35d4a4",
    "ProvisionTitle": "第2條",
    "ProvisionContent": "&lt;p&gt;各級政府於該管區域內，因推行都市建設，提高土地使用，便利交通或防&lt;br /&gt;\n止天然災害，而建築或改善道路、橋樑、溝渠、港口、碼頭、水庫、堤防&lt;br /&gt;\n、疏濬水道及其他水陸等工程，應就直接受益之公私有土地及其改良物，&lt;br /&gt;\n徵收工程受益費；其無直接受益之土地者，就使用該項工程設施之車輛、&lt;br /&gt;\n船舶徵收之。&lt;br /&gt;\n前項工程受益費之徵收數額，最高不得超過該項工程實際所需費用百分之&lt;br /&gt;\n八十。但就車輛、船舶徵收者，得按全額徵收之，其為水庫、堤防、疏濬&lt;br /&gt;\n水道等工程之徵收最低限額，由各級政府視實際情形定之。&lt;/p&gt;\n"
  },
  {
    "ProvisionId": "2b859e761c4a402bb99f903a43c361e4",
    "RegulationId": null,
    "ChapterId": "ca35e02925874967801a2081587c43d4",
    "ProvisionTitle": "第2條",
    "ProvisionContent": "&lt;p&gt;非都市土地得劃定為特定農業、一般農業、工業、鄉村、森林、山坡地保育、風景、國家公園、河川、海域、特定專用等使用分區。&lt;/p&gt;\n"
  },
  {
    "ProvisionId": "451b4b0fbe58437fb035de16c89f3854",
    "RegulationId": null,
    "ChapterId": "7f2cdb15ace941c59b9bf4c078405159",
    "ProvisionTitle": "第2條",
    "ProvisionContent": "&lt;p&gt;依本條例第十八條第一項規定申請興建農舍之申請人應為農民，且其資格&lt;br /&gt;\n應符合下列條件，並經直轄市、縣（市）主管機關核定：&lt;br /&gt;\n一、年滿二十歲或未滿二十歲已結婚者。&lt;br /&gt;\n二、申請人之戶籍所在地及其農業用地，須在同一直轄市、縣（市）內，且其土地取得及戶籍登記均應滿二年者。但參加興建集村農舍建築物坐落之農業用地，不受土地取得應滿二年之限制。&lt;br /&gt;\n三、申請興建農舍之該筆農業用地面積不得小於零點二五公頃。但參加興建集村農舍及於離島地區興建農舍者，不在此限。&lt;br /&gt;\n四、申請人無自用農舍者。申請人已領有個別農舍或集村農舍建造執照者，視為已有自用農舍。但該建造執照屬尚未開工且已撤銷或原申請案件重新申請者，不在此限。&lt;br /&gt;\n五、申請人為該農業用地之所有權人，且該農業用地應確供農業使用及屬未經申請興建農舍者；該農舍之興建並不得影響農業生產環境及農村發展。&lt;br /&gt;\n前項第五款規定確供農業使用與不影響農業生產環境及農村發展之認定，由申請人檢附依中央主管機關訂定之經營計畫書格式，載明該筆農業用地農業經營現況、農業用地整體配置及其他事項，送請直轄市、縣（市）主管機關審查。&lt;br /&gt;\n直轄市、縣（市）主管機關為辦理第一項申請興建農舍之核定作業，得由農業單位邀集環境保護、建築管理、地政、都市計畫等單位組成審查小組，審查前二項、第三條、第四條至第六條規定事項。&lt;/p&gt;\n"
  },
  {
    "ProvisionId": "d4015c244f0144adba2689e3b29b46b1",
    "RegulationId": null,
    "ChapterId": "A6096B2FB9BA4F59BA65ED3DCD4BC55D",
    "ProvisionTitle": "第3-3條",
    "ProvisionContent": "&lt;p&gt;測試&lt;/p&gt;\n"
  },
  {
    "ProvisionId": "2946d7ce3b304248b90666edc8513448",
    "RegulationId": null,
    "ChapterId": "ca35e02925874967801a2081587c43d4",
    "ProvisionTitle": "第3條",
    "ProvisionContent": "&lt;p&gt;非都市土地依其使用分區之性質，編定為甲種建築、乙種建築、丙種建築、丁種建築、農牧、林業、養殖、鹽業、礦業、窯業、交通、水利、遊憩、古蹟保存、生態保護、國土保安、殯葬、海域、特定目的事業等使用地。&lt;/p&gt;\n"
  },
  {
    "ProvisionId": "536e3f043bba4741a84300f22942bfd4",
    "RegulationId": null,
    "ChapterId": "ec5838f919b44b1381419fab0f35d4a4",
    "ProvisionTitle": "第3條",
    "ProvisionContent": "&lt;p&gt;前條所稱工程實際所需費用，包括左列各種費用：&lt;br /&gt;\n一、工程興建費。&lt;br /&gt;\n二、工程用地之徵購費及公地地價。&lt;br /&gt;\n三、地上物拆遷補償費。&lt;br /&gt;\n四、工程管理費。&lt;br /&gt;\n五、借款之利息負擔。&lt;br /&gt;\n前項第二款之公地地價，以各該公地管理機關抵繳同一工程所應繳納之工&lt;br /&gt;\n程受益費數額為限。&lt;/p&gt;\n"
  },
  {
    "ProvisionId": "c18292f1e8324ab09e576afe54aa2f8d",
    "RegulationId": null,
    "ChapterId": "7f2cdb15ace941c59b9bf4c078405159",
    "ProvisionTitle": "第3條",
    "ProvisionContent": "&lt;p&gt;依本條例第十八條第三項規定申請興建農舍之申請人應為農民，且其資格應符合前條第一項第四款及第五款規定，其申請興建農舍，得依都市計畫法第八十五條授權訂定之施行細則與自治法規、實施區域計畫地區建築管理辦法、建築法、國家公園法及其他相關法令規定辦理。&lt;/p&gt;\n"
  },
  {
    "ProvisionId": "d7b018df2fcc4c368098cd41558586a4",
    "RegulationId": null,
    "ChapterId": "7f2cdb15ace941c59b9bf4c078405159",
    "ProvisionTitle": "第3-1條",
    "ProvisionContent": "&lt;p&gt;農民之認定，由農民於申請興建農舍時，檢附農業生產相關佐證資料，經直轄市、縣（市）主管機關會同專家、學者會勘後認定之。但屬農民健康保險被保險人或全民健康保險第三類被保險人者，不在此限。&lt;/p&gt;\n"
  },
  {
    "ProvisionId": "fdeea3cc4ec140b4bac4e40738a8e171",
    "RegulationId": null,
    "ChapterId": "A6096B2FB9BA4F59BA65ED3DCD4BC55D",
    "ProvisionTitle": "第3-2條",
    "ProvisionContent": "&lt;p&gt;第3-2條&lt;/p&gt;\n"
  },
  {
    "ProvisionId": "2a55089482ed4d71aaf58acaeaa16ebd",
    "RegulationId": null,
    "ChapterId": "ddfda81d6de947fb8853a1e17a100547",
    "ProvisionTitle": "第3條",
    "ProvisionContent": "&lt;p&gt;本法主管機關為經濟部。&lt;/p&gt;\n"
  },
  {
    "ProvisionId": "8c72114a8fe9401a9edcbe4a95db2962",
    "RegulationId": null,
    "ChapterId": "87caf827f12a4923b135f0f6c1c2bd79",
    "ProvisionTitle": "第3條",
    "ProvisionContent": "&lt;p&gt;土地登記，由土地所在地之直轄市、縣（市）地政機關辦理之。但該直轄市、縣（市）地政機關在轄區內另設或分設登記機關者，由該土地所在地之登記機關辦理之。&lt;br /&gt;\n建物跨越二個以上登記機關轄區者，由該建物門牌所屬之登記機關辦理之。&lt;br /&gt;\n直轄市、縣（市）地政機關已在轄區內另設或分設登記機關，且登記項目已實施跨登記機關登記者，得由同直轄市、縣（市）內其他登記機關辦理之。&lt;br /&gt;\n經中央地政機關公告實施跨直轄市、縣（市）申請土地登記之登記項目，得由全國任一登記機關辦理之。&lt;/p&gt;\n"
  },
  {
    "ProvisionId": "006C10AFAF1B47D6A12B38332BF4DFEF",
    "RegulationId": null,
    "ChapterId": "3F982C817D6E45E48EC282FCF46D8087",
    "ProvisionTitle": "第3條",
    "ProvisionContent": "&lt;p&gt;本規則所稱誤筏及擅伐定義如左：&lt;/p&gt;&lt;p&gt;一、誤伐:對於未經准許砍伐之林木，由於誤認為可以砍伐而予以砍伐，尚無意圖為自己不法之所有者。&lt;/p&gt;&lt;p&gt;二、擅伐:明知依法令規定應申請核准砍法之林木，未經辦理申請或已申請尚未經核准而予以砍伐，砍後堆置現場，尚無意圖為自己不法之所有者。&lt;/p&gt;"
  },
  {
    "ProvisionId": "FDA071A4D80046C18791B2DE9338FD0C",
    "RegulationId": "B7368501C94E45A78DF255C9AEBBA27A",
    "ChapterId": "A6096B2FB9BA4F59BA65ED3DCD4BC55D",
    "ProvisionTitle": "第3條",
    "ProvisionContent": "森林係指林地及其群生竹、木之總稱。依其所有權之歸屬，分為國有林、公有林及私有林。森林以國有為原則。"
  },
  {
    "ProvisionId": "EA3579B517B5469CBD8812D99B58E4FE",
    "RegulationId": "B7368501C94E45A78DF255C9AEBBA27A",
    "ChapterId": "A6096B2FB9BA4F59BA65ED3DCD4BC55D",
    "ProvisionTitle": "第3-1條",
    "ProvisionContent": "森林以外之樹木保護事項，依第五章之一規定辦理。"
  },
  {
    "ProvisionId": "31e548cd69894bb09e93ce5b40befa67",
    "RegulationId": null,
    "ChapterId": "504367d5f3c649f8b8e19b53119a7ec9",
    "ProvisionTitle": "第 3 條",
    "ProvisionContent": "&lt;p&gt;各林區管理處設五課，分別掌理前條所列事項。&lt;/p&gt;\n"
  },
  {
    "ProvisionId": "ebfb30a511e24f94bac73718c77ee503",
    "RegulationId": null,
    "ChapterId": "9d13354807de4a4b9a4e106341b5873c",
    "ProvisionTitle": "第3條",
    "ProvisionContent": "&lt;p&gt;依前條取得之國有財產，其範圍如左：&lt;br /&gt;\n一、不動產：指土地及其改良物暨天然資源。&lt;/p&gt;\n\n&lt;p&gt;二、動產：指機械及設備、交通運輸及設備，暨其他雜項設備。&lt;/p&gt;\n\n&lt;p&gt;三、有價證券：指國家所有之股份或股票及債券。&lt;/p&gt;\n\n&lt;p&gt;四、權利：指地上權、地役權、典權、抵押權、礦業權、漁業權、專利權、著作權、商標權及其他財產上之權利。&lt;/p&gt;\n\n&lt;p&gt;前項第二款財產之詳細分類，依照行政院規定辦理。&lt;/p&gt;\n"
  },
  {
    "ProvisionId": "5e722b8ec6d443199ecf953a03fe6b5b",
    "RegulationId": null,
    "ChapterId": "9d13354807de4a4b9a4e106341b5873c",
    "ProvisionTitle": "第4條",
    "ProvisionContent": "&lt;p&gt;國有財產區分為公用財產與非公用財產兩類。&lt;br /&gt;\n左列各種財產稱為公用財產：&lt;/p&gt;\n\n&lt;p&gt;一、公務用財產：各機關、部隊、學校、辦公、作業及宿舍使用之國有財產均屬之。&lt;/p&gt;\n\n&lt;p&gt;二、公共用財產：國家直接供公共使用之國有財產均屬之。&lt;/p&gt;\n\n&lt;p&gt;三、事業用財產：國營事業機關使用之財產均屬之。但國營事業為公司組織者，僅指其股份而言。&lt;/p&gt;\n\n&lt;p&gt;非公用財產，係指公用財產以外可供收益或處分之一切國有財產。&lt;/p&gt;\n"
  },
  {
    "ProvisionId": "309239c4bc70479693bbdc7b80f9ca7d",
    "RegulationId": null,
    "ChapterId": "504367d5f3c649f8b8e19b53119a7ec9",
    "ProvisionTitle": "第4條",
    "ProvisionContent": "&lt;p&gt;各林區管理處設秘書室，掌理有關研考、文書、事務、出納、財產、車輛管理及其他不屬各課、室之事項。&lt;/p&gt;\n"
  },
  {
    "ProvisionId": "0D4FE95A7F6D4F14856B39FD9EC4886E",
    "RegulationId": "B7368501C94E45A78DF255C9AEBBA27A",
    "ChapterId": "A6096B2FB9BA4F59BA65ED3DCD4BC55D",
    "ProvisionTitle": "第4條",
    "ProvisionContent": "以所有竹、木為目的，於他人之土地有地上權、租賃權或其他使用或收益權者，於本法適用上適為森林所有人。"
  },
  {
    "ProvisionId": "CE369EBB999C492D9540C5E553FDD1E4",
    "RegulationId": null,
    "ChapterId": "3F982C817D6E45E48EC282FCF46D8087",
    "ProvisionTitle": "第4條",
    "ProvisionContent": "&lt;p&gt;林產物之伐採許可，依左列規定辦理：&lt;/p&gt;\n\n&lt;p&gt;一、國有林：應依照國有林林產物處分規則辦理。&lt;/p&gt;\n\n&lt;p&gt;二、公有林：應經直轄市、縣 (市) 主管機關許可。&lt;/p&gt;\n\n&lt;p&gt;三、私有林：應經直轄市或縣 (市) 主管機關許可。但保安林之伐採，應 依前款規定辦理。&lt;/p&gt;\n\n&lt;p&gt;四、私有林：應經直轄市或縣 (市) 主管機關許可。但保安林之伐採，應 依前款規定辦理。&lt;/p&gt;\n"
  },
  {
    "ProvisionId": "c2829287b6d241f2930cf481fd745c9a",
    "RegulationId": null,
    "ChapterId": "87caf827f12a4923b135f0f6c1c2bd79",
    "ProvisionTitle": "第4條",
    "ProvisionContent": "&lt;p&gt;下列土地權利之取得、設定、移轉、喪失或變更，應辦理登記：&lt;br /&gt;\n一、所有權。&lt;br /&gt;\n二、地上權。&lt;br /&gt;\n三、中華民國九十九年八月三日前發生之永佃權。&lt;br /&gt;\n四、不動產役權。&lt;br /&gt;\n五、典權。&lt;br /&gt;\n六、抵押權。&lt;br /&gt;\n七、耕作權。&lt;br /&gt;\n八、農育權。&lt;br /&gt;\n九、依習慣形成之物權。&lt;br /&gt;\n土地權利名稱與前項第一款至第八款名稱不符，而其性質與其中之一種相&lt;br /&gt;\n同或相類者，經中央地政機關審定為前項第一款至第八款中之某種權利，&lt;br /&gt;\n得以該權利辦理登記，並添註其原有名稱。&lt;/p&gt;\n"
  },
  {
    "ProvisionId": "b3c3d24503634cd1ae300cddd53e5857",
    "RegulationId": null,
    "ChapterId": "ddfda81d6de947fb8853a1e17a100547",
    "ProvisionTitle": "第4條",
    "ProvisionContent": "&lt;p&gt;經相對人同意者，得以電子文件為表示方法。&lt;br /&gt;\n依法令規定應以書面為之者，如其內容可完整呈現，並可於日後取出供查驗者，經相對人同意，得以電子文件為之。&lt;br /&gt;\n前二項規定得依法令或行政機關之公告，排除其適用或就其應用技術與程序另為規定。但就應用技術與程序所為之規定，應公平、合理，並不得為無正當理由之差別待遇。&lt;/p&gt;\n"
  },
  {
    "ProvisionId": "0939642d9a0e48479e1ac924d7b8fa36",
    "RegulationId": null,
    "ChapterId": "ec5838f919b44b1381419fab0f35d4a4",
    "ProvisionTitle": "第4條",
    "ProvisionContent": "&lt;p&gt;第二條之各項工程，除左列各款外，由該管直轄市或縣 (市) 政府辦理︰&lt;br /&gt;\n一、規模龐大，非直轄市或縣 (市) 財力、人力、物力所能舉辦者，得由&lt;br /&gt;\n中央辦理。&lt;br /&gt;\n二、跨越二縣 (市) 以上行政區域之工程，由各該縣 (市) 政府共同辦理&lt;br /&gt;\n。&lt;br /&gt;\n三、跨越直轄市與縣 (市) 行政區域之工程，得由中央統籌辦理，或由各&lt;br /&gt;\n該直轄市、縣 (市) 政府共同辦理。&lt;/p&gt;\n"
  },
  {
    "ProvisionId": "5603bb6f92274130be6252cc41312f89",
    "RegulationId": null,
    "ChapterId": "ca35e02925874967801a2081587c43d4",
    "ProvisionTitle": "第4條",
    "ProvisionContent": "&lt;p&gt;非都市土地之使用，除國家公園區內土地，由國家公園主管機關依法管制外，按其編定使用地之類別，依本規則規定管制之。&lt;/p&gt;\n"
  },
  {
    "ProvisionId": "4d8d70f27a484ccea3fd028897cbe797",
    "RegulationId": null,
    "ChapterId": "7f2cdb15ace941c59b9bf4c078405159",
    "ProvisionTitle": "第4條",
    "ProvisionContent": "&lt;p&gt;本條例中華民國八十九年一月二十八日修正施行前取得之農業用地，有下&lt;br /&gt;\n列情形之一者，得準用前條規定申請興建農舍：&lt;br /&gt;\n一、依法被徵收之農業用地。但經核准全部或部分發給抵價地者，不適用之。&lt;br /&gt;\n二、依法為得徵收之土地，經土地所有權人自願以協議價購方式讓售與需地機關。&lt;br /&gt;\n前項土地所有權人申請興建農舍，以自完成徵收所有權登記後三十日起或完成讓售移轉登記之日起三年內，於同一直轄市、縣（市）內取得農業用地並提出申請者為限，其申請面積並不得超過原被徵收或讓售土地之面積。&lt;br /&gt;\n本辦法九十二年一月三日修正施行後至一百零二年七月一日修正施行前，屬本條第一項適用案件且已於公告徵收或完成讓售移轉登記之日起一年內，於同一直轄市、縣（市）內重新購置農業用地者，得自一百零二年七月一日修正施行後二年內申請興建農舍。&lt;/p&gt;\n"
  },
  {
    "ProvisionId": "1db4a5c217dc4ddb955f90078639d101",
    "RegulationId": null,
    "ChapterId": "7f2cdb15ace941c59b9bf4c078405159",
    "ProvisionTitle": "第5條",
    "ProvisionContent": "&lt;p&gt;申請興建農舍之農業用地，有下列情形之一者，不得依本辦法申請興建農舍：&lt;br /&gt;\n一、非都市土地工業區或河川區。&lt;br /&gt;\n二、前款以外其他使用分區之水利用地、生態保護用地、國土保安用地或林業用地。&lt;br /&gt;\n三、非都市土地森林區養殖用地。&lt;br /&gt;\n四、其他違反土地使用管制規定者。&lt;br /&gt;\n申請興建農舍之農業用地，有下列情形之一者，不得依本辦法申請興建集村農舍：&lt;br /&gt;\n一、非都市土地特定農業區。&lt;br /&gt;\n二、非都市土地森林區農牧用地。&lt;br /&gt;\n三、都市計畫保護區。&lt;/p&gt;\n"
  },
  {
    "ProvisionId": "2f93661b540b4b2da3aee83dd52531c4",
    "RegulationId": null,
    "ChapterId": "ec5838f919b44b1381419fab0f35d4a4",
    "ProvisionTitle": "第5條",
    "ProvisionContent": "&lt;p&gt;各級地方政府徵收工程受益費，應擬具徵收計畫書，包括工程計畫、經費&lt;br /&gt;\n預算、受益範圍及徵收費率等，送經各該級民意機關決議後，報請中央主&lt;br /&gt;\n管機關備查。如係長期辦理之工程，應先將分期、分年之工程計畫，依照&lt;br /&gt;\n上開規定，先行送經民意機關決議，報請中央主管機關核備後，據以編列&lt;br /&gt;\n年度預算或特別預算辦理。中央舉辦之工程，應由主辦工程機關循收支預&lt;br /&gt;\n算程序辦理。&lt;br /&gt;\n各級地方民意機關對於工程受益費徵收計畫書，應連同該工程經費收支預&lt;br /&gt;\n算一併審定；如工程受益費徵收案予以延擱或否決，該工程經費收支預算&lt;br /&gt;\n應併同延緩或註銷。&lt;br /&gt;\n工程受益費以徵足原定數額為限。但就車輛、船舶徵收受益費之工程，而&lt;br /&gt;\n有繼續維持保養、改善必要者，經各該級民意機關決議，並完成收支預算&lt;br /&gt;\n程序後，得徵收之。&lt;/p&gt;\n"
  },
  {
    "ProvisionId": "fd5ded0faf11406c89924b6ca9480b4a",
    "RegulationId": null,
    "ChapterId": "ddfda81d6de947fb8853a1e17a100547",
    "ProvisionTitle": "第5條",
    "ProvisionContent": "&lt;p&gt;依法令規定應提出文書原本或正本者，如文書係以電子文件形式作成，其內容可完整呈現，並可於日後取出供查驗者，得以電子文件為之。但應核對筆跡、跡或其他為辨識文書真偽之必要或法令另有規定者，不在此限。&lt;br /&gt;\n前項所稱內容可完整呈現，不含以電子方式發送、收受、儲存及顯示作業附加之資料訊息。&lt;/p&gt;\n"
  },
  {
    "ProvisionId": "0555b05f5de94710ac9bc7febcab5247",
    "RegulationId": null,
    "ChapterId": "ca35e02925874967801a2081587c43d4",
    "ProvisionTitle": "第5條",
    "ProvisionContent": "&lt;p&gt;非都市土地使用分區劃定及使用地編定後，由直轄市或縣 (市) 政府管制其使用，並由當地鄉 (鎮、市、區) 公所隨時檢查，其有違反土地使用管制者，應即報請直轄市或縣 (市) 政府處理。&lt;br /&gt;\n鄉 (鎮、市、區) 公所辦理前項檢查，應指定人員負責辦理。&lt;br /&gt;\n直轄市或縣 (市) 政府為處理第一項違反土地使用管制之案件，應成立聯合取締小組定期查處。&lt;br /&gt;\n前項直轄市或縣 (市) 聯合取締小組得請目的事業主管機關定期檢查是否依原核定計畫使用。&lt;/p&gt;\n"
  },
  {
    "ProvisionId": "6ce5e6aeafea4e838ddd8713e6dfbba0",
    "RegulationId": null,
    "ChapterId": "87caf827f12a4923b135f0f6c1c2bd79",
    "ProvisionTitle": "第5條",
    "ProvisionContent": "&lt;p&gt;土地登記得以電腦處理，其處理之系統規範由中央地政機關定之。&lt;br /&gt;\n土地登記以電腦處理者，其處理方式及登記書表簿冊圖狀格式，得因應需要於系統規範中另定之。&lt;/p&gt;\n"
  },
  {
    "ProvisionId": "545AF658962F41BC9CD96F50607AC527",
    "RegulationId": "B7368501C94E45A78DF255C9AEBBA27A",
    "ChapterId": "414378CF63274609B7EA06B7B430DABF",
    "ProvisionTitle": "第5條",
    "ProvisionContent": "林政之管理經營，應以國土保安長遠利益為主要目標。"
  },
  {
    "ProvisionId": "612e3f9695204a97b1efa1ade344881d",
    "RegulationId": null,
    "ChapterId": "504367d5f3c649f8b8e19b53119a7ec9",
    "ProvisionTitle": "第5條",
    "ProvisionContent": "&lt;p&gt;各林區管理處置處長，承行政院農業委員會林務局局長之命，綜理處務；置副處長，襄理處務。&lt;/p&gt;\n"
  },
  {
    "ProvisionId": "3a677ecc3e39444eaec66e71ea3ade50",
    "RegulationId": null,
    "ChapterId": "9d13354807de4a4b9a4e106341b5873c",
    "ProvisionTitle": "第5條",
    "ProvisionContent": "&lt;p&gt;第三條第一項所定範圍以外之左列國有財產，其保管或使用，仍依其他有關法令辦理：&lt;br /&gt;\n一、軍品及軍用器材。&lt;br /&gt;\n二、圖書、史料、古物及故宮博物。&lt;br /&gt;\n三、國營事業之生產材料。&lt;br /&gt;\n四、其他可供公用或應保存之有形或無形財產。&lt;/p&gt;\n"
  },
  {
    "ProvisionId": "d34081b02ed24be68368ee9a35645ca3",
    "RegulationId": null,
    "ChapterId": "3F982C817D6E45E48EC282FCF46D8087",
    "ProvisionTitle": "第五條",
    "ProvisionContent": "&lt;p&gt;本規則所稱林產物之查驗，包括左列各項：&lt;br /&gt;\n一、林產物放行查驗。&lt;br /&gt;\n二、林產物搬運查驗。&lt;br /&gt;\n三、伐採跡地查驗。&lt;/p&gt;\n"
  },
  {
    "ProvisionId": "d348d58780d74ce9b1dc26293aa1e234",
    "RegulationId": null,
    "ChapterId": "504367d5f3c649f8b8e19b53119a7ec9",
    "ProvisionTitle": "第6條",
    "ProvisionContent": "&lt;p&gt;各林區管理處置秘書、課長、技正、專員、技士、課員、技佐、辦事員、書記。&lt;/p&gt;\n"
  },
  {
    "ProvisionId": "5efcf3e0410e48228c891e52658f0db5",
    "RegulationId": null,
    "ChapterId": "9d13354807de4a4b9a4e106341b5873c",
    "ProvisionTitle": "第6條",
    "ProvisionContent": "&lt;p&gt;國家為保障邊疆各民族之土地使用，得視地方實際情況，保留國有土地及其定著物；其管理辦法由行政院定之。&lt;/p&gt;\n"
  },
  {
    "ProvisionId": "0cbb27473ed244afa7a3d26030457e10",
    "RegulationId": null,
    "ChapterId": "87caf827f12a4923b135f0f6c1c2bd79",
    "ProvisionTitle": "第6條",
    "ProvisionContent": "&lt;p&gt;土地權利經登記機關依本規則登記於登記簿，並校對完竣，加蓋登簿及校對人員名章後，為登記完畢。&lt;br /&gt;\n土地登記以電腦處理者，經依系統規範登錄、校對，並異動地籍主檔完竣後，為登記完畢。&lt;/p&gt;\n"
  },
  {
    "ProvisionId": "1f33666a94e74bb387ee9de26b807ca7",
    "RegulationId": null,
    "ChapterId": "5754fe177c3d48a49d9990c40f370c46",
    "ProvisionTitle": "第6條",
    "ProvisionContent": "&lt;p&gt;非都市土地經劃定使用分區並編定使用地類別，應依其容許使用之項目及許可使用細目使用。但中央目的事業主管機關認定為重大建設計畫所需之臨時性設施，經徵得使用地之中央主管機關及有關機關同意後，得核准為臨時使用。中央目的事業主管機關於核准時，應函請直轄市或縣（市）政府將臨時使用用途及期限等資料，依相關規定程序登錄於土地參考資訊檔。中央目的事業主管機關及直轄市、縣（市）政府應負責監督確實依核定計畫使用及依限拆除恢復原狀。&lt;br /&gt;\n前項容許使用及臨時性設施，其他法律或依本法公告實施之區域計畫有禁止或限制使用之規定者，依其規定。&lt;br /&gt;\n海域用地以外之各種使用地容許使用項目、許可使用細目及其附帶條件如附表一；海域用地容許使用項目及區位許可使用細目如附表一之一。&lt;br /&gt;\n非都市土地容許使用執行要點，由內政部定之。&lt;br /&gt;\n目的事業主管機關為辦理容許使用案件，得視實際需要，訂定審查作業要點。&lt;/p&gt;\n"
  },
  {
    "ProvisionId": "9813d1f9d5af4c459dd8cd88d8c5e53f",
    "RegulationId": null,
    "ChapterId": "ddfda81d6de947fb8853a1e17a100547",
    "ProvisionTitle": "第6條",
    "ProvisionContent": "&lt;p&gt;文書依法令之規定應以書面保存者，如其內容可完整呈現，並可於日後取出供查驗者，得以電子文件為之。&lt;br /&gt;\n前項電子文件以其發文地、收文地、日期與驗證、鑑別電子文件內容真偽之資料訊息，得併同其主要內容保存者為限。&lt;br /&gt;\n第一項規定得依法令或行政機關之公告，排除其適用或就其應用技術與程序另為規定。但就應用技術與程序所為之規定，應公平、合理，並不得為無正當理由之差別待遇。&lt;/p&gt;\n"
  },
  {
    "ProvisionId": "642cf0f04bfe4f0f8505718ceddbd718",
    "RegulationId": null,
    "ChapterId": "5754fe177c3d48a49d9990c40f370c46",
    "ProvisionTitle": "第6-1條",
    "ProvisionContent": "&lt;p&gt;依前條第三項附表一規定應申請許可使用者，應檢附下列文件，向目的事業主管機關申請核准：&lt;br /&gt;\n一、非都市土地許可使用申請書如附表五。&lt;br /&gt;\n二、使用計畫書。&lt;br /&gt;\n三、土地登記 (簿) 謄本及地籍圖謄本。&lt;br /&gt;\n四、申請許可使用同意書。&lt;br /&gt;\n五、土地使用配置圖及位置示意圖。&lt;br /&gt;\n六、其他有關文件。&lt;br /&gt;\n前項第三款之文件能以電腦處理者，免予檢附。申請人為土地所有權人者&lt;br /&gt;\n，免附第一項第四款規定之文件。第一項第一款申請書格式，目的事業主管機關另有規定者，得依其規定辦理。&lt;/p&gt;\n"
  },
  {
    "ProvisionId": "e742ff6d1519420b81683719a1c92e04",
    "RegulationId": null,
    "ChapterId": "ec5838f919b44b1381419fab0f35d4a4",
    "ProvisionTitle": "第6條",
    "ProvisionContent": "&lt;p&gt;就土地及其改良物徵收受益費之工程，主辦工程機關應於開工前三十日內&lt;br /&gt;\n，將工程名稱、施工範圍、經費預算、工程受益費徵收標準及數額暨受益&lt;br /&gt;\n範圍內之土地地段、地號繪圖公告三十日，並於公告後三個月內，將受益&lt;br /&gt;\n土地之面積、負擔之單價暨該筆土地負擔工程受益費數額，連同該項工程&lt;br /&gt;\n受益費簡要說明，依第八條第二項規定以書面通知各受益人。就車輛、船&lt;br /&gt;\n舶徵收受益費之工程，應於開徵前三十日將工程名稱、施工範圍、經費預&lt;br /&gt;\n算、工程受益費徵收標準及數額公告之。&lt;br /&gt;\n就土地及其改良物徵收之工程受益費，於各該工程開工之日起，至完工後&lt;br /&gt;\n一年內開徵。&lt;br /&gt;\n第一項受益範圍內之土地及其改良物公告後之移轉，除因繼承者外，應由&lt;br /&gt;\n買受人出具承諾書，願依照規定繳納未到期之工程受益費，或先將工程受&lt;br /&gt;\n益費全部繳清，始得辦理移轉登記；經查封拍賣者亦同。&lt;/p&gt;\n"
  },
  {
    "ProvisionId": "7e31aa8eab1f4a429721d80e7b74a621",
    "RegulationId": null,
    "ChapterId": "7f2cdb15ace941c59b9bf4c078405159",
    "ProvisionTitle": "第6條",
    "ProvisionContent": "&lt;p&gt;申請興建農舍之申請人五年內曾取得個別農舍或集村農舍建造執照，且無下列情形之一者，直轄市、縣（市）主管機關或其他主管機關應認不符農業發展條例第十八條第一項、第三項所定需興建要件而不予許可興建農舍：&lt;br /&gt;\n一、建造執照已撤銷或失效。&lt;br /&gt;\n二、所興建農舍因天然災害致全倒、或自行拆除、或滅失。&lt;/p&gt;\n"
  },
  {
    "ProvisionId": "ef333955e1224ac7a234b27ab18b00a4",
    "RegulationId": null,
    "ChapterId": "ec5838f919b44b1381419fab0f35d4a4",
    "ProvisionTitle": "第7條",
    "ProvisionContent": "&lt;p&gt;工程受益費之徵收，得一次或分期為之；其就車輛、船舶徵收者，得計次&lt;br /&gt;\n徵收。&lt;br /&gt;\n各級政府如因財政困難，無力墊付工程費用者，得於完成第五條第一項所&lt;br /&gt;\n規定之程序後，先行開徵，或以應徵之工程受益費為擔保，向金融機構借&lt;br /&gt;\n款辦理。&lt;/p&gt;\n"
  },
  {
    "ProvisionId": "7ef2484c80f84578b24dd50e763261fe",
    "RegulationId": null,
    "ChapterId": "7f2cdb15ace941c59b9bf4c078405159",
    "ProvisionTitle": "第7條",
    "ProvisionContent": "&lt;p&gt;申請興建集村農舍之農業用地如屬經濟部公告之嚴重地層下陷地區，應先依水利法施行細則第四十六條第一項由水利主管機關審查同意用水計畫書或取得合法水源證明文件。&lt;/p&gt;\n"
  },
  {
    "ProvisionId": "11915842442e4b15a9cd2e573b13be70",
    "RegulationId": null,
    "ChapterId": "ddfda81d6de947fb8853a1e17a100547",
    "ProvisionTitle": "第7條",
    "ProvisionContent": "&lt;p&gt;電子文件以其進入發文者無法控制資訊系統之時間為發文時間。但當事人另有約定或行政機關另有公告者，從其約定或公告。&lt;br /&gt;\n電子文件以下列時間為其收文時間。但當事人另有約定或行政機關另有公告者，從其約定或公告。&lt;br /&gt;\n一、如收文者已指定收受電子文件之資訊系統者，以電子文件進入該資訊系統之時間為收文時間；電子文件如送至非收文者指定之資訊系統者，以收文者取出電子文件之時間為收文時間。&lt;br /&gt;\n二、收文者未指定收受電子文件之資訊系統者，以電子文件進入收文者資訊系統之時間為收文時間。&lt;/p&gt;\n"
  },
  {
    "ProvisionId": "faf19787ee3245b09aa9e8100df2029f",
    "RegulationId": null,
    "ChapterId": "87caf827f12a4923b135f0f6c1c2bd79",
    "ProvisionTitle": "第7條",
    "ProvisionContent": "&lt;p&gt;依本規則登記之土地權利，除本規則另有規定外，非經法院判決塗銷確定，登記機關不得為塗銷登記。&lt;/p&gt;\n"
  },
  {
    "ProvisionId": "4e67dd3749ef4a7d9daeb18c38e18187",
    "RegulationId": null,
    "ChapterId": "9d13354807de4a4b9a4e106341b5873c",
    "ProvisionTitle": "第7條",
    "ProvisionContent": "&lt;p&gt;國有財產收益及處分，依預算程序為之；其收入應解國庫。&lt;br /&gt;\n凡屬事業用之公用財產，在使用期間或變更為非公用財產，而為收益或處分時，均依公營事業有關規定程序辦理。&lt;/p&gt;\n"
  },
  {
    "ProvisionId": "5aeade392bf94f2e9a1689a6a56fb8e9",
    "RegulationId": null,
    "ChapterId": "504367d5f3c649f8b8e19b53119a7ec9",
    "ProvisionTitle": "第7條",
    "ProvisionContent": "&lt;p&gt;各林區管理處設人事室，置主任、課員、助理員，依法辦理人事管理事項。&lt;/p&gt;\n"
  },
  {
    "ProvisionId": "e5dbe8cf194f4934892d4793671a6bf4",
    "RegulationId": null,
    "ChapterId": "504367d5f3c649f8b8e19b53119a7ec9",
    "ProvisionTitle": "第8條",
    "ProvisionContent": "&lt;p&gt;各林區管理處設會計室，置會計主任、課員、辦事員，依法辦理歲計、會計及統計事項。&lt;/p&gt;\n"
  },
  {
    "ProvisionId": "24f8a8479e6e49dd8a1023d24880dcd5",
    "RegulationId": null,
    "ChapterId": "9d13354807de4a4b9a4e106341b5873c",
    "ProvisionTitle": "第8條",
    "ProvisionContent": "&lt;p&gt;國有土地及國有建築改良物，除放租有收益及第四條第二項第三款所指事業用者外，免徵土地稅及建築改良物稅。&lt;/p&gt;\n"
  },
  {
    "ProvisionId": "2D82550E432D4BD9A1BB9B859E95C444",
    "RegulationId": null,
    "ChapterId": "7D83E0B64264495186F299742D9BEC76",
    "ProvisionTitle": "第8條",
    "ProvisionContent": "&lt;p&gt;公、私有林林產之採伐之伐採，應由採取人檢具左列文件，向該管主管機\n關申請核發採運許可證：\n&lt;/p&gt;&lt;p&gt;一、採運申請書。\n&lt;/p&gt;&lt;p&gt;二、伐採區域位置圖。\n&lt;/p&gt;&lt;p&gt;三、林產物權利證明文件。\n&lt;/p&gt;&lt;p&gt;四、道路及其水土保持計畫書。\n&lt;/p&gt;&lt;p&gt;五、伐採跡地造林計畫。\n未檢具前項第四款或第五款規定之計畫書者，應敘明正當理由，必要時並\n檢附有關證件。&lt;/p&gt;"
  },
  {
    "ProvisionId": "f676a85293714e15a6e9ee6b260a5359",
    "RegulationId": null,
    "ChapterId": "87caf827f12a4923b135f0f6c1c2bd79",
    "ProvisionTitle": "第8條",
    "ProvisionContent": "&lt;p&gt;主登記，指土地權利於登記簿上獨立存在之登記；附記登記，指附屬於主登記之登記。&lt;br /&gt;\n主登記之次序，應依登記之先後。附記登記之次序，應依主登記之次序。但附記登記各依其先後。&lt;/p&gt;\n"
  },
  {
    "ProvisionId": "e06e8c09e3434e36b79ddb17730c61cb",
    "RegulationId": null,
    "ChapterId": "ddfda81d6de947fb8853a1e17a100547",
    "ProvisionTitle": "第8條",
    "ProvisionContent": "&lt;p&gt;發文者執行業務之地，推定為電子文件之發文地。收文者執行業務之地，推定為電子文件之收文地。&lt;br /&gt;\n發文者與收文者有一個以上執行業務之地，以與主要交易或通信行為最密切相關之業務地為發文地及收文地。主要交易或通信行為不明者，以執行業務之主要地為發文地及收文地。&lt;br /&gt;\n發文者與收文者未有執行業務地者，以其住所為發文地及收文地。&lt;/p&gt;\n"
  },
  {
    "ProvisionId": "2366fb53204248dd8def8ac272739908",
    "RegulationId": null,
    "ChapterId": "ec5838f919b44b1381419fab0f35d4a4",
    "ProvisionTitle": "第8條",
    "ProvisionContent": "&lt;p&gt;工程受益費之徵收標準，按土地受益之程度或車輛、船舶之等級，擬定徵&lt;br /&gt;\n收費率。&lt;br /&gt;\n工程受益費向公告徵收時之土地所有權人徵收之；其設有典權者，向典權&lt;br /&gt;\n人徵收；放領之公地，向其承領人徵收。所有權人或典權人未自行使用之&lt;br /&gt;\n不動產，經催徵而不繳納者，得責由承租人或使用人扣繳或墊繳之。&lt;/p&gt;\n"
  },
  {
    "ProvisionId": "da1a8d7e2b6e4566aaeafbe9221d5dfb",
    "RegulationId": null,
    "ChapterId": "7f2cdb15ace941c59b9bf4c078405159",
    "ProvisionTitle": "第8條",
    "ProvisionContent": "&lt;p&gt;起造人申請興建農舍，除應依建築法規定辦理外，應備具下列書圖文件，向直轄市、縣（市）主管建築機關申請建造執照：&lt;br /&gt;\n一、申請書：應載明申請人之姓名、年齡、住址、申請地號、申請興建農舍之農業用地面積、農舍用地面積、農舍建築面積、樓層數及建築物高度、總樓地板面積、建築物用途、建築期限、工程概算等。申請興建集村農舍者，並應載明建蔽率及容積率。&lt;br /&gt;\n二、相關主管機關依第二條與第三條規定核定之文件、第九條第二項第五款放流水相關同意文件及第六款興建小面積農舍同意文件。&lt;br /&gt;\n三、地籍圖謄本。&lt;br /&gt;\n四、土地權利證明文件。&lt;br /&gt;\n五、土地使用分區證明。&lt;br /&gt;\n六、工程圖樣：包括農舍平面圖、立面圖、剖面圖，其比例尺不小於百分之一。&lt;br /&gt;\n七、申請興建農舍之農業用地配置圖，包括農舍用地面積檢討、農業經營用地面積檢討、排水方式說明，其比例尺不小於一千二百分之一。&lt;br /&gt;\n申請興建農舍變更起造人時，除為繼承且在施工中者外，應依第二條第一項規定辦理；施工中因法院拍賣者，其變更起造人申請面積依法院拍賣面積者，不受第二條第一項第二款有關取得土地應滿二年與第三款最小面積規定限制。&lt;br /&gt;\n本辦法所定農舍建築面積為第三條、第十條與第十一條第一項第三款相關法規所稱之基層建築面積；農舍用地面積為法定基層建築面積，且為農舍與農舍附屬設施之水平投影面積用地總和；農業經營用地面積為申請興建農舍之農業用地扣除農舍用地之面積。&lt;/p&gt;\n"
  },
  {
    "ProvisionId": "632200f5cff6462984337a75ad662cc5",
    "RegulationId": null,
    "ChapterId": "7f2cdb15ace941c59b9bf4c078405159",
    "ProvisionTitle": "第9條",
    "ProvisionContent": "&lt;p&gt;興建農舍起造人應為該農舍坐落土地之所有權人。&lt;br /&gt;\n興建農舍應符合下列規定：&lt;br /&gt;\n一、農舍興建圍牆，以不超過農舍用地面積範圍為限。&lt;br /&gt;\n二、地下層每層興建面積，不得超過農舍建築面積，其面積應列入總樓地板面積計算。但依都市計畫法令或建築技術規則規定設置之法定停車空間，得免列入總樓地板面積計算。&lt;br /&gt;\n三、申請興建農舍之農業用地，其農舍用地面積不得超過該農業用地面積百分之十，扣除農舍用地面積後，供農業生產使用部分之農業經營用地應為完整區塊，且其面積不得低於該農業用地面積百分之九十。但於離島地區，以下列原因，於本條例中華民國八十九年一月二十八日修正生效後，取得被繼承人或贈與人於上開日期前所有之農業用地，申請興建農舍者，不在此限：&lt;br /&gt;\n（一）繼承。&lt;br /&gt;\n（二）為民法第一千一百三十八條所定遺產繼承人於繼承開始前因被繼承人之贈與。&lt;br /&gt;\n四、興建之農舍，應依建築技術規則之規定，設置建築物污水處理設施。其為預鑄式建築物污水處理設施者，應於申報開工時檢附該設施依預鑄式建築物污水處理設施管理辦法取得之審定登記文件影本，並於安裝時，作成現場安裝紀錄。&lt;br /&gt;\n五、農舍之放流水應符合放流水標準，並排入排水溝渠。放流水流經屬灌&lt;br /&gt;\n排系統或私有水體者，並應符合下列規定：&lt;br /&gt;\n（一）排入灌排系統者，應經該管理機關（構）同意及水利主管機關核准。&lt;br /&gt;\n（二）排入私有水體者，應經所有人同意。&lt;br /&gt;\n六、同一筆農業用地僅能申請興建一棟農舍，採分期興建方式辦理者，申請人除原申請人外，均須符合第二條第一項資格，且農舍建築面積應超過四十五平方公尺。但經直轄市、縣（市）農業單位或其他主管機關同意者，不在此限。&lt;/p&gt;\n"
  },
  {
    "ProvisionId": "d61caf6a8c594e71847417847b8585b7",
    "RegulationId": null,
    "ChapterId": "ec5838f919b44b1381419fab0f35d4a4",
    "ProvisionTitle": "第9條",
    "ProvisionContent": "&lt;p&gt;&amp;nbsp;&lt;/p&gt;\n\n&lt;p&gt;土地及其改良物不屬同一人者，其應徵之工程受益費，由土地所有權人及&lt;br /&gt;\n土地改良物所有權人分擔；其分擔比率，由辦理工程之各級政府定之。&lt;br /&gt;\n前項土地改良物在未繳清全部受益費以前，如因土地租賃期限屆滿而予以&lt;br /&gt;\n拆除，由土地所有權人負責繳納未到期之部分；如係於租賃期間內拆除或&lt;br /&gt;\n改建，由改建人負責繳納之。&lt;/p&gt;\n"
  },
  {
    "ProvisionId": "1f18063122974c3fad3dcc52eacd2c7a",
    "RegulationId": null,
    "ChapterId": "ddfda81d6de947fb8853a1e17a100547",
    "ProvisionTitle": "第9條",
    "ProvisionContent": "&lt;p&gt;依法令規定應簽名或蓋章者，經相對人同意，得以電子簽章為之。&lt;br /&gt;\n前項規定得依法令或行政機關之公告，排除其適用或就其應用技術與程序另為規定。但就應用技術與程序所為之規定，應公平、合理，並不得為無正當理由之差別待遇。&lt;/p&gt;\n"
  },
  {
    "ProvisionId": "fbdf189140eb413f8e0c434f788cacae",
    "RegulationId": null,
    "ChapterId": "87caf827f12a4923b135f0f6c1c2bd79",
    "ProvisionTitle": "第9條",
    "ProvisionContent": "&lt;p&gt;同一土地為他項權利登記時，其權利次序，除法律另有規定外，應依登記之先後。但於土地總登記期限內申請登記者，依其原設定之先後。&lt;/p&gt;\n"
  },
  {
    "ProvisionId": "516cf79e65a34792ae163352e16100e3",
    "RegulationId": null,
    "ChapterId": "20a2d1c58a6a436b947c2b79942632d8",
    "ProvisionTitle": "第9條",
    "ProvisionContent": "&lt;p&gt;財政部承行政院之命，綜理國有財產事務。&lt;br /&gt;\n財政部設國有財產局，承辦前項事務；其組織以法律定之。&lt;/p&gt;\n"
  },
  {
    "ProvisionId": "668118C148C849478908B374B4902AB8",
    "RegulationId": null,
    "ChapterId": "7D83E0B64264495186F299742D9BEC76",
    "ProvisionTitle": "第9條",
    "ProvisionContent": "&lt;p&gt;主管機關受理前條申請時，應派員實地勘查左列事項，並作成勘查報告書\n：\n&lt;/p&gt;&lt;p&gt;一、有無本法第十條各款及保安林經營準則之限制規定。\n&lt;/p&gt;&lt;p&gt;二、採運申請書所填列各事項與實地是否符合。\n&lt;/p&gt;&lt;p&gt;三、地況：地質基岩、土壤表土之深度、土質肥瘠及山向傾斜度。\n&lt;/p&gt;&lt;p&gt;四、林況：面積、樹種、林齡、平均樹高、胸高直徑及每公頃株數材積。\n五、伐採跡地利用計畫可否實施。\n六、可否准予伐採及其理由。&lt;/p&gt;"
  },
  {
    "ProvisionId": "24ce36cb28aa4d8580761227e6e79aba",
    "RegulationId": null,
    "ChapterId": "504367d5f3c649f8b8e19b53119a7ec9",
    "ProvisionTitle": "第 9 條",
    "ProvisionContent": "&lt;p&gt;各林區管理處設政風室，置主任、課員、助理員，依法辦理政風事項。&lt;/p&gt;\n"
  },
  {
    "ProvisionId": "B0E992AFAB944A4599458FB0C4C94BDA",
    "RegulationId": null,
    "ChapterId": "7D83E0B64264495186F299742D9BEC76",
    "ProvisionTitle": "第10條",
    "ProvisionContent": "&lt;p&gt;申請伐採公、私有林林產物區域鄰接國有林事業區、保安林、國家公園或\n風景特定區者，&lt;/p&gt;&lt;p&gt;主管機關核准前應會同當地國有林、保安林、國家公園或\n風景特定區管理機關及申請人複勘，於伐區周圍設置境界標識或界木並烙\n印後，註明於伐採區域位置圖。&lt;/p&gt;"
  },
  {
    "ProvisionId": "570ad3da138642c995081f8f7642a26f",
    "RegulationId": null,
    "ChapterId": "504367d5f3c649f8b8e19b53119a7ec9",
    "ProvisionTitle": "第10條",
    "ProvisionContent": "&lt;p&gt;各林區管理處得報准於轄區內設置工作站，置主任，另置技正、技士、課員、技佐，均在各處總員額內調配之，分別辦理各該管轄業務。&lt;/p&gt;\n"
  },
  {
    "ProvisionId": "3ad28598773c4add9bfd7483e8f34111",
    "RegulationId": null,
    "ChapterId": "87caf827f12a4923b135f0f6c1c2bd79",
    "ProvisionTitle": "第10條",
    "ProvisionContent": "&lt;p&gt;土地上已有建物者，應於土地所有權完成總登記後，始得為建物所有權登記。&lt;/p&gt;\n"
  },
  {
    "ProvisionId": "d0e809959d1445c88e78a140c4b02e7d",
    "RegulationId": null,
    "ChapterId": "ddfda81d6de947fb8853a1e17a100547",
    "ProvisionTitle": "第10條",
    "ProvisionContent": "&lt;p&gt;以數位簽章簽署電子文件者，應符合下列各款規定，始生前條第一項之效力：&lt;br /&gt;\n一、使用經第十一條核定或第十五條許可之憑證機構依法簽發之憑證。&lt;br /&gt;\n二、憑證尚屬有效並未逾使用範圍。&lt;/p&gt;\n"
  },
  {
    "ProvisionId": "67a970bed393444c8098de13c0a31fca",
    "RegulationId": null,
    "ChapterId": "ec5838f919b44b1381419fab0f35d4a4",
    "ProvisionTitle": "第10條",
    "ProvisionContent": "&lt;p&gt;以車輛、船舶為徵收標的之工程受益費，向使用之車輛或船舶徵收之。&lt;/p&gt;\n"
  },
  {
    "ProvisionId": "8226b3baea45468c9ebab0ad45810614",
    "RegulationId": null,
    "ChapterId": "7f2cdb15ace941c59b9bf4c078405159",
    "ProvisionTitle": "第10條",
    "ProvisionContent": "&lt;p&gt;個別興建農舍之興建方式、最高樓地板面積、農舍建築面積、樓層數、建&lt;br /&gt;\n築物高度及許可條件，應依都市計畫法第八十五條授權訂定之施行細則與&lt;br /&gt;\n自治法規、實施區域計畫地區建築管理辦法、建築法、國家公園法及其他&lt;br /&gt;\n相關法令規定辦理。&lt;/p&gt;\n"
  },
  {
    "ProvisionId": "3b1a3dac13124c5b9a47965e057637ec",
    "RegulationId": null,
    "ChapterId": "7e6dd8fff8f74858bb139a4af0f236f7",
    "ProvisionTitle": "第10條",
    "ProvisionContent": "&lt;p&gt;非都市土地經劃定使用分區後，因申請開發，依區域計畫之規定需辦理土地使用分區變更者，應依本規則之規定辦理。&lt;/p&gt;\n"
  },
  {
    "ProvisionId": "8a25addeea484f78874955438e9a9021",
    "RegulationId": null,
    "ChapterId": "7f2cdb15ace941c59b9bf4c078405159",
    "ProvisionTitle": "第11條",
    "ProvisionContent": "&lt;p&gt;以集村方式興建農舍者，其集村農舍用地面積應小於一公頃，以分幢分棟方式興建十棟以上未滿五十棟，一次集中申請，並符合下列規定：&lt;br /&gt;\n一、二十位以上之農民為起造人，共同在一筆或數筆相毗連之農業用地整體規劃興建二十棟以上之農舍。但離島地區，得以十位以上之農民提出申請十棟以上之農舍。&lt;br /&gt;\n二、除離島地區外，各起造人持有之農業用地，應位於同一鄉（鎮、市、區）或毗鄰之鄉（鎮、市、區），並應位同一種類之使用分區。但各起造人持有之農業用地位於特定農業區者，得以於一般農業區之農業用地興建集村農舍。&lt;br /&gt;\n三、參加興建集村農舍之各起造人所持有之農業用地，其農舍建築面積計算，應依都市計畫法第八十五條授權訂定之施行細則與自治法規、實施區域計畫地區建築管理辦法、建築法、國家公園法及其他相關法令規定辦理。&lt;br /&gt;\n四、依前款相關法令規定計算出農舍建築面積之總和為集村興建之全部農舍用地面積，並應完整連接，不得零散分布。&lt;br /&gt;\n五、興建集村農舍坐落之農舍用地，其建蔽率不得超過百分之六十，容積率不得超過百分之二百四十。但農舍用地位於山坡地範圍者，其建蔽率不得超過百分之四十，容積率不得超過百分之一百二十。&lt;br /&gt;\n六、農舍坐落之該筆或數筆相毗連之農業用地，應有道路通達。該道路寬度十棟至未滿三十棟者，為六公尺；三十棟以上未滿五十棟者，為八公尺。&lt;br /&gt;\n七、農舍用地內通路之任一側應增設寬度一點五公尺以上之人行步道通達各棟農舍，並有適當之喬木植栽綠化及夜間照明。其通路之面積，應計入法定空地計算。&lt;br /&gt;\n八、農舍建築應依下列規定退縮，並應計入農舍用地面積：&lt;br /&gt;\n（一）農舍用地面臨經都市計畫法或相關法規公告之道路者，建築物應自道路境界線退縮八公尺以上建築。&lt;br /&gt;\n（二）面臨前目經公告之道路、現有巷道其寬度未達八公尺者，其退縮建築深度至少應為該道路、現有巷道之寬度。&lt;br /&gt;\n九、興建集村農舍應配合農業經營整體規劃，符合自用原則，於農舍用地設置公共設施；其應設置之公共設施如附表。&lt;br /&gt;\n直轄市、縣（市）主管建築機關為辦理前項興建集村農舍建築許可作業，應邀集相關單位與專家學者組成審查小組辦理。&lt;/p&gt;\n"
  },
  {
    "ProvisionId": "d8d51244569041829299c2feea8fa557",
    "RegulationId": null,
    "ChapterId": "ec5838f919b44b1381419fab0f35d4a4",
    "ProvisionTitle": "第11條",
    "ProvisionContent": "&lt;p&gt;土地及其改良物於公告徵收工程受益費後，不因其用途變更而免予徵收。&lt;/p&gt;\n"
  },
  {
    "ProvisionId": "d1037124ad4f48b1ad90fd1eb1833c05",
    "RegulationId": null,
    "ChapterId": "ddfda81d6de947fb8853a1e17a100547",
    "ProvisionTitle": "第11條",
    "ProvisionContent": "&lt;p&gt;憑證機構應製作憑證實務作業基準，載明憑證機構經營或提供認證服務之相關作業程序，送經主管機關核定後，並將其公布在憑證機構設立之公開網站供公眾查詢，始得對外提供簽發憑證服務。其憑證實務作業基準變更時，亦同。&lt;/p&gt;\n\n&lt;p&gt;憑證實務作業基準應載明事項如下：&lt;br /&gt;\n一、足以影響憑證機構所簽發憑證之可靠性或其業務執行之重要資訊。&lt;br /&gt;\n二、憑證機構逕行廢止憑證之事由。&lt;br /&gt;\n三、驗證憑證內容相關資料之留存。&lt;br /&gt;\n四、保護當事人個人資料之方法及程序。&lt;br /&gt;\n五、其他經主管機關訂定之重要事項。&lt;br /&gt;\n本法施行前，憑證機構已進行簽發憑證服務者，應於本法施行後六個月內，將憑證實務作業基準送交主管機關核定。但主管機關未完成核定前，仍得繼續對外提供簽發憑證服務。&lt;br /&gt;\n主管機關應公告經核定之憑證機構名單。&lt;/p&gt;\n"
  },
  {
    "ProvisionId": "d1696561c2024f22934c01f114303b6e",
    "RegulationId": null,
    "ChapterId": "7e6dd8fff8f74858bb139a4af0f236f7",
    "ProvisionTitle": "第11條",
    "ProvisionContent": "&lt;p&gt;非都市土地申請開發達下列規模者，應辦理土地使用分區變更：&lt;br /&gt;\n一、申請開發社區之計畫達五十戶或土地面積在一公頃以上，應變更為鄉村區。&lt;br /&gt;\n二、申請開發為工業使用之土地面積達十公頃以上或依產業創新條例申請開發為工業使用之土地面積達五公頃以上，應變更為工業區。&lt;br /&gt;\n三、申請開發遊憩設施之土地面積達五公頃以上，應變更為特定專用區。&lt;br /&gt;\n四、申請設立學校之土地面積達十公頃以上，應變更為特定專用區。&lt;br /&gt;\n五、申請開發高爾夫球場之土地面積達十公頃以上，應變更為特定專用區。&lt;br /&gt;\n六、申請開發公墓之土地面積達五公頃以上或其他殯葬設施之土地面積達二公頃以上，應變更為特定專用區。&lt;br /&gt;\n七、前六款以外開發之土地面積達二公頃以上，應變更為特定專用區。前項辦理土地使用分區變更案件，申請開發涉及其他法令規定開發所需最小規模者，並應符合各該法令之規定。&lt;br /&gt;\n申請開發涉及填海造地者，應按其開發性質辦理變更為適當土地使用分區&lt;br /&gt;\n，不受第一項規定規模之限制。&lt;br /&gt;\n中華民國七十七年七月一日本規則修正生效後，同一或不同申請人向目的事業主管機關提出二個以上興辦事業計畫申請之開發案件，其申請開發範圍毗鄰，且經目的事業主管機關審認屬同一興辦事業計畫，應累計其面積，累計開發面積達第一項規模者，應一併辦理土地使用分區變更。&lt;/p&gt;\n"
  },
  {
    "ProvisionId": "c0450984fc1148ae8f6d62a21de8befc",
    "RegulationId": null,
    "ChapterId": "87caf827f12a4923b135f0f6c1c2bd79",
    "ProvisionTitle": "第11條",
    "ProvisionContent": "&lt;p&gt;未經登記所有權之土地，除法律或本規則另有規定外，不得為他項權利登記或限制登記。&lt;/p&gt;\n"
  },
  {
    "ProvisionId": "59bcf5d1c6d64962bb3f210903f99cd4",
    "RegulationId": null,
    "ChapterId": "504367d5f3c649f8b8e19b53119a7ec9",
    "ProvisionTitle": "第11條",
    "ProvisionContent": "&lt;p&gt;森林鐵路得報准於沿線設置車站、車庫、監工區等機構，分別置站長、副站長、車庫主任、監工區主任、技士、技佐、車長、站務員、司機，在該管林區管理處總員額內調配之，分別辦理該管區內行車、機務及工務等事項。&lt;/p&gt;\n"
  },
  {
    "ProvisionId": "5E029787C2C945C5BAD3778EC4BE7E43",
    "RegulationId": null,
    "ChapterId": "7D83E0B64264495186F299742D9BEC76",
    "ProvisionTitle": "第11條",
    "ProvisionContent": "<p>主管機關核發公、私有林林產物採運許可證時，應將許可證副本連同伐採\r\n區域位置圖，分送當地林業管理經營機關、警察機關及鄉 (鎮) 公所，縣\r\n(市) 政府並應按月填製私有林許可伐採統計表，送中央主管機關備查。\r\n</p>"
  },
  {
    "ProvisionId": "84d1a35ac0864286ba9fbfa7aaaaa216",
    "RegulationId": null,
    "ChapterId": "504367d5f3c649f8b8e19b53119a7ec9",
    "ProvisionTitle": "第 12 條",
    "ProvisionContent": "&lt;p&gt;本規程所列各職稱之官等職等及員額，另以暫行編制表定之。&lt;/p&gt;\n"
  },
  {
    "ProvisionId": "13240ffd1cbf4ddfb217a673a87ebd5c",
    "RegulationId": null,
    "ChapterId": "87caf827f12a4923b135f0f6c1c2bd79",
    "ProvisionTitle": "第12條",
    "ProvisionContent": "&lt;p&gt;登記原因證明文件為依法與法院確定判決有同一效力者，於第二十七條第四款、第三十條第一款、第三十五條第三款、第一百條、第一百十九條第五項、第一百四十一條第一項第二款及第二項之規定準用之。&lt;/p&gt;\n"
  },
  {
    "ProvisionId": "57a82014f22c432798a4569180810570",
    "RegulationId": null,
    "ChapterId": "ec5838f919b44b1381419fab0f35d4a4",
    "ProvisionTitle": "第12條",
    "ProvisionContent": "&lt;p&gt;不同性質之工程，其工程受益費應予分別徵收；同性質之工程有重複受益&lt;br /&gt;\n時，僅就其受益較大者，予以計算徵收。&lt;/p&gt;\n"
  },
  {
    "ProvisionId": "c1d29a7c5a934d30a12aaeaa00be9731",
    "RegulationId": null,
    "ChapterId": "7f2cdb15ace941c59b9bf4c078405159",
    "ProvisionTitle": "第12條",
    "ProvisionContent": "&lt;p&gt;直轄市、縣（市）主管建築機關於核發建造執照後，應造冊列管，同時將農舍坐落之地號及提供興建農舍之所有地號之清冊，送地政機關於土地登記簿上註記，並副知該府農業單位建檔列管。&lt;br /&gt;\n已申請興建農舍之農業用地，直轄市、縣（市）主管建築機關應於地籍套繪圖上，將已興建及未興建農舍之農業用地分別著色標示，未經解除套繪管制不得辦理分割。&lt;br /&gt;\n已申請興建農舍領有使用執照之農業用地經套繪管制，除符合下列情形之一者外，不得解除：&lt;br /&gt;\n一、農舍坐落之農業用地已變更為非農業用地。&lt;br /&gt;\n二、非屬農舍坐落之農業用地已變更為非農業用地。&lt;br /&gt;\n三、農舍用地面積與農業用地面積比例符合法令規定，經依變更使用執照程序申請解除套繪管制後，該農業用地面積仍達零點二五公頃以上。&lt;br /&gt;\n前項第三款農舍坐落該筆農業用地面積大於零點二五公頃，且二者面積比例符合法令規定，其餘超出規定比例部分之農業用地得免經其他土地所有權人之同意，逕依變更使用執照程序解除套繪管制。&lt;br /&gt;\n第三項農業用地經解除套繪管制，或原領得之農舍建造執照已逾期失其效力經申請解除套繪管制者，直轄市、縣（市）主管建築機關應將農舍坐落之地號、提供興建農舍之所有地號及解除套繪管制之所有地號清冊，囑託地政機關塗銷第一項之註記登記。&lt;/p&gt;\n"
  },
  {
    "ProvisionId": "a35cb8dfcc0d44fea42434250ad06e17",
    "RegulationId": null,
    "ChapterId": "7f2cdb15ace941c59b9bf4c078405159",
    "ProvisionTitle": "第13條",
    "ProvisionContent": "&lt;p&gt;起造人提出申請興建農舍之資料不實者，直轄市、縣（市）主管機關應撤銷其核定，並由主管建築機關撤銷其建築許可。&lt;br /&gt;\n經撤銷建築許可案件，其建築物依相關土地使用管制及建築法規定。&lt;/p&gt;\n"
  },
  {
    "ProvisionId": "2916d37f5d6f4d41b06fe7ed231b4cd7",
    "RegulationId": null,
    "ChapterId": "ec5838f919b44b1381419fab0f35d4a4",
    "ProvisionTitle": "第13條",
    "ProvisionContent": "&lt;p&gt;工程受益費之徵收，以土地及其改良物為徵收標的者，以稅捐稽徵機關為&lt;br /&gt;\n經徵機關；以車輛或船舶為徵收標的者，以交通管理機關為經徵機關。&lt;/p&gt;\n"
  },
  {
    "ProvisionId": "0e9402cc93724af0969f0a2bb73795eb",
    "RegulationId": null,
    "ChapterId": "504367d5f3c649f8b8e19b53119a7ec9",
    "ProvisionTitle": "第13條",
    "ProvisionContent": "&lt;p&gt;各林區管理處分層負責明細表，由各處訂定，報行政院農業委員會林務局備查。&lt;/p&gt;\n"
  },
  {
    "ProvisionId": "bbc1065160524526866157ca5b2f1ae4",
    "RegulationId": null,
    "ChapterId": "504367d5f3c649f8b8e19b53119a7ec9",
    "ProvisionTitle": "第 14 條",
    "ProvisionContent": "&lt;p&gt;本規程自發布日施行。&lt;/p&gt;\n"
  },
  {
    "ProvisionId": "66af83cd7b604dd18c945aaab5dd1c1f",
    "RegulationId": null,
    "ChapterId": "7f2cdb15ace941c59b9bf4c078405159",
    "ProvisionTitle": "第14條",
    "ProvisionContent": "&lt;p&gt;直轄市、縣（市）主管建築機關得依本辦法規定，訂定符合城鄉風貌及建築景觀之農舍標準圖樣。&lt;br /&gt;\n採用農舍標準圖樣興建農舍者，得免由建築師設計。&lt;/p&gt;\n"
  },
  {
    "ProvisionId": "dee1962f9abf42bb9d4deb84daa67b1e",
    "RegulationId": null,
    "ChapterId": "ec5838f919b44b1381419fab0f35d4a4",
    "ProvisionTitle": "第14條",
    "ProvisionContent": "&lt;p&gt;左列各款之土地及其改良物、車輛、船舶，免徵工程受益費。&lt;br /&gt;\n一、非營業性或依都市計劃法規定保留之公共設施用地及其改良物。&lt;br /&gt;\n二、駐軍兵營、要塞、軍用機場、軍用基地及其改良物。&lt;br /&gt;\n三、軍用港口、碼頭、船舶、戰備及訓練車輛。&lt;/p&gt;\n"
  },
  {
    "ProvisionId": "911c1ed2b2a14b28b4708593a39a550c",
    "RegulationId": null,
    "ChapterId": "ec5838f919b44b1381419fab0f35d4a4",
    "ProvisionTitle": "第15條",
    "ProvisionContent": "&lt;p&gt;土地及其改良物之受益人不依規定期限繳納工程受益費者，自期限屆滿之&lt;br /&gt;\n次日起，每逾三日應按納費額加徵滯納金百分之一；逾期超過一個月，經&lt;br /&gt;\n催繳而仍不繳納者，除加徵滯納金百分之十外，應由經徵機關移送法院強&lt;br /&gt;\n制執行。&lt;/p&gt;\n"
  },
  {
    "ProvisionId": "db3317eca5e4486880284541f3f86647",
    "RegulationId": null,
    "ChapterId": "7f2cdb15ace941c59b9bf4c078405159",
    "ProvisionTitle": "第15條",
    "ProvisionContent": "&lt;p&gt;&amp;nbsp;&lt;/p&gt;\n\n&lt;p&gt;依本辦法申請興建農舍之該農業用地應維持作農業使用，直轄市、縣（市）主管機關應將農舍及其農業用地造冊列管。&lt;br /&gt;\n直轄市、縣（市）政府或其他主管機關為加強興建農舍之農業用地稽查及取締，應邀集農業、建築管理、地政、都市計畫及相關單位等與農業專家組成稽查小組定期檢查；經檢查農業用地與農舍未依規定使用者，由原核定機關通知主管建築機關及區域計畫、都市計畫或國家公園主管機關依相關規定處理，並通知其限期改正，屆期不改正者，得廢止其許可。&lt;br /&gt;\n直轄市、縣（市）政府或其他主管機關應將前二項辦理情形，於次年度二月前函報中央主管機關備查。中央主管機關並得不定期至直轄市、縣（市）政府或其他主管機關稽查辦理情形。&lt;/p&gt;\n"
  },
  {
    "ProvisionId": "C28835030CEB428FBDB6FA25C121454C",
    "RegulationId": null,
    "ChapterId": "0EFAC7BC591B44CC93208A477E17CC7D",
    "ProvisionTitle": "第15條",
    "ProvisionContent": "<p>林產物經造材集中於伐採區域或土場後，採取人應向該管主管機關申請放行查驗，經烙打放行印後，始得搬運。</p>"
  },
  {
    "ProvisionId": "68FC294CEDD44688B116927B0E75BD0A",
    "RegulationId": null,
    "ChapterId": "0EFAC7BC591B44CC93208A477E17CC7D",
    "ProvisionTitle": "第16條",
    "ProvisionContent": "&lt;p&gt;本規則所稱誤筏及擅伐定義如左：&lt;/p&gt;&lt;p&gt;一、誤伐:對於未經准許砍伐之林木，由於誤認為可以砍伐而予以砍伐，尚無意圖為自己不法之所有者。&lt;/p&gt;&lt;p&gt;二、擅伐:明知依法令規定應申請核准砍法之林木，未經辦理申請或已申請尚未經核准而予以砍伐，砍後堆置現場，尚無意圖為自己不法之所有者。&lt;/p&gt;"
  },
  {
    "ProvisionId": "e5ff6be64ca64b45baabe07f81c114a1",
    "RegulationId": null,
    "ChapterId": "7f2cdb15ace941c59b9bf4c078405159",
    "ProvisionTitle": "第16條",
    "ProvisionContent": "&lt;p&gt;中華民國一百零一年十二月十四日前取得直轄市、縣（市）主管機關或其他主管機關依第二條或第三條核定文件之申請興建農舍案件，於向直轄市、縣（市）主管建築機關申請建造執照時，得適用中華民國一百零二年七月一日修正施行前規定辦理。&lt;/p&gt;\n"
  },
  {
    "ProvisionId": "7292ebff7efb46a5baa195ec142a20c5",
    "RegulationId": null,
    "ChapterId": "ec5838f919b44b1381419fab0f35d4a4",
    "ProvisionTitle": "第16條",
    "ProvisionContent": "&lt;p&gt;受益人對應納之工程受益費有異議時，應於收到繳納通知後，按照通知單&lt;br /&gt;\n所列數額及規定期限，先行繳納二分之一款項，申請復查；對復查之核定&lt;br /&gt;\n仍有不服，得依法提起訴願及行政訴訟。經訴願、再訴願、行政訴訟程序&lt;br /&gt;\n確定應繳納之工程受益費數額高於已繳數額時，應予補足；低於已繳數額&lt;br /&gt;\n時，其溢繳部分應予退還，並均按銀行定期存款利率加計利息。&lt;/p&gt;\n"
  },
  {
    "ProvisionId": "9efea76b5e464f5f86001892f81f048d",
    "RegulationId": null,
    "ChapterId": "7f2cdb15ace941c59b9bf4c078405159",
    "ProvisionTitle": "第17條",
    "ProvisionContent": "&lt;p&gt;本辦法自發布日施行。&lt;/p&gt;\n"
  },
  {
    "ProvisionId": "453ac96ff92e41668ce9327588ff9f33",
    "RegulationId": null,
    "ChapterId": "4ca9af9214f34bac8973f39e1b2d974e",
    "ProvisionTitle": "第17條",
    "ProvisionContent": "&lt;p style=&quot;box-sizing: border-box; margin-top: 0px; margin-bottom: 0px; color: rgb(65, 65, 65); font-family: sans-serif; font-size: 14px; font-style: normal; font-variant-ligatures: normal; font-variant-caps: normal; font-weight: 400; letter-spacing: normal; orphans: 2; text-align: left; text-indent: 0px; text-transform: none; white-space: normal; widows: 2; word-spacing: 0px; -webkit-text-stroke-width: 0px; background-color: rgb(255, 255, 255); text-decoration-thickness: initial; text-decoration-style: initial; text-decoration-color: initial;&quot;&gt;公、私有林林產之採伐之伐採，應由採取人檢具左列文件，向該管主管機 關申請核發採運許可證：&lt;/p&gt;&lt;p style=&quot;box-sizing: border-box; margin-top: 0px; margin-bottom: 0px; color: rgb(65, 65, 65); font-family: sans-serif; font-size: 14px; font-style: normal; font-variant-ligatures: normal; font-variant-caps: normal; font-weight: 400; letter-spacing: normal; orphans: 2; text-align: left; text-indent: 0px; text-transform: none; white-space: normal; widows: 2; word-spacing: 0px; -webkit-text-stroke-width: 0px; background-color: rgb(255, 255, 255); text-decoration-thickness: initial; text-decoration-style: initial; text-decoration-color: initial;&quot;&gt;一、採運申請書。&lt;/p&gt;&lt;p style=&quot;box-sizing: border-box; margin-top: 0px; margin-bottom: 0px; color: rgb(65, 65, 65); font-family: sans-serif; font-size: 14px; font-style: normal; font-variant-ligatures: normal; font-variant-caps: normal; font-weight: 400; letter-spacing: normal; orphans: 2; text-align: left; text-indent: 0px; text-transform: none; white-space: normal; widows: 2; word-spacing: 0px; -webkit-text-stroke-width: 0px; background-color: rgb(255, 255, 255); text-decoration-thickness: initial; text-decoration-style: initial; text-decoration-color: initial;&quot;&gt;二、伐採區域位置圖。&lt;/p&gt;&lt;p style=&quot;box-sizing: border-box; margin-top: 0px; margin-bottom: 0px; color: rgb(65, 65, 65); font-family: sans-serif; font-size: 14px; font-style: normal; font-variant-ligatures: normal; font-variant-caps: normal; font-weight: 400; letter-spacing: normal; orphans: 2; text-align: left; text-indent: 0px; text-transform: none; white-space: normal; widows: 2; word-spacing: 0px; -webkit-text-stroke-width: 0px; background-color: rgb(255, 255, 255); text-decoration-thickness: initial; text-decoration-style: initial; text-decoration-color: initial;&quot;&gt;三、林產物權利證明文件。&lt;/p&gt;&lt;p style=&quot;box-sizing: border-box; margin-top: 0px; margin-bottom: 0px; color: rgb(65, 65, 65); font-family: sans-serif; font-size: 14px; font-style: normal; font-variant-ligatures: normal; font-variant-caps: normal; font-weight: 400; letter-spacing: normal; orphans: 2; text-align: left; text-indent: 0px; text-transform: none; white-space: normal; widows: 2; word-spacing: 0px; -webkit-text-stroke-width: 0px; background-color: rgb(255, 255, 255); text-decoration-thickness: initial; text-decoration-style: initial; text-decoration-color: initial;&quot;&gt;四、道路及其水土保持計畫書。&lt;/p&gt;&lt;p style=&quot;box-sizing: border-box; margin-top: 0px; margin-bottom: 0px; color: rgb(65, 65, 65); font-family: sans-serif; font-size: 14px; font-style: normal; font-variant-ligatures: normal; font-variant-caps: normal; font-weight: 400; letter-spacing: normal; orphans: 2; text-align: left; text-indent: 0px; text-transform: none; white-space: normal; widows: 2; word-spacing: 0px; -webkit-text-stroke-width: 0px; background-color: rgb(255, 255, 255); text-decoration-thickness: initial; text-decoration-style: initial; text-decoration-color: initial;&quot;&gt;五、伐採跡地造林計畫。 未檢具前項第四款或第五款規定之計畫書者，應敘明正當理由，必要時並 檢附有關證件。&lt;/p&gt;"
  },
  {
    "ProvisionId": "1d8606d7602b4359b583b2ae6e951cd6",
    "RegulationId": null,
    "ChapterId": "ec5838f919b44b1381419fab0f35d4a4",
    "ProvisionTitle": "第17條",
    "ProvisionContent": "&lt;p&gt;本條例之公文送達，準用民事訴訟法有關送達之規定。&lt;/p&gt;\n"
  },
  {
    "ProvisionId": "c4f8995410b148a59e80c4cab6cebf06",
    "RegulationId": null,
    "ChapterId": "ec5838f919b44b1381419fab0f35d4a4",
    "ProvisionTitle": "第18條",
    "ProvisionContent": "&lt;p&gt;鄉、鎮 (市) 公所興辦工程，徵收工程受益費，準用本條例之規定。&lt;/p&gt;\n"
  },
  {
    "ProvisionId": "402e0e65d99745cfb94f9377117a3926",
    "RegulationId": null,
    "ChapterId": "ec5838f919b44b1381419fab0f35d4a4",
    "ProvisionTitle": "第19條",
    "ProvisionContent": "&lt;p&gt;本條例施行細則，由內政部會同財政部、經濟部、交通部訂定，報請行政&lt;br /&gt;\n院核備。&lt;/p&gt;\n"
  },
  {
    "ProvisionId": "0d5d6205570b461299cd16f895721e83",
    "RegulationId": null,
    "ChapterId": "ec5838f919b44b1381419fab0f35d4a4",
    "ProvisionTitle": "第20條",
    "ProvisionContent": "&lt;p&gt;本條例自公布日施行。&lt;/p&gt;\n"
  },
  {
    "ProvisionId": "a9c178ff2691443f806ff01daef91168",
    "RegulationId": null,
    "ChapterId": "7e6dd8fff8f74858bb139a4af0f236f7",
    "ProvisionTitle": "第26條",
    "ProvisionContent": "&lt;p&gt;申請人於非都市土地開發依相關法規規定應繳交開發影響費、捐贈土地、繳交回饋金或提撥一定年限之維護管理保證金時，應先完成捐贈之土地及公共設施用地之分割、移轉登記，並繳交開發影響費、回饋金或提撥一定年限之維護管理保證金後，由直轄市或縣（市）政府函請土地登記機關辦理土地使用分區及使用地變更編定異動登記，並將核定事業計畫使用項目等資料，依相關規定程序登錄於土地參考資訊檔。&lt;/p&gt;\n"
  },
  {
    "ProvisionId": "444c171ce7664a0db3ae200832621211",
    "RegulationId": null,
    "ChapterId": "b37eb1edf7564188bdf15cf6023cbf52",
    "ProvisionTitle": "第27條",
    "ProvisionContent": "&lt;p&gt;&amp;nbsp;&lt;/p&gt;\n\n&lt;p&gt;土地使用分區內各種使用地，除依第三章規定辦理使用分區及使用地變更者外，應在原使用分區範圍內申請變更編定。&lt;br /&gt;\n前項使用分區內各種使用地之變更編定原則，除本規則另有規定外，應依使用分區內各種使用地變更編定原則表如附表三辦理。&lt;/p&gt;\n\n&lt;p&gt;非都市土地變更編定執行要點，由內政部定之。&lt;/p&gt;\n"
  },
  {
    "ProvisionId": "0842cfb115c14e94b04ea6b891697212",
    "RegulationId": null,
    "ChapterId": "b37eb1edf7564188bdf15cf6023cbf52",
    "ProvisionTitle": "第28條",
    "ProvisionContent": "&lt;p&gt;申請使用地變更編定，應檢附下列文件，向土地所在地直轄市或縣（市）政府申請核准，並依規定繳納規費︰&lt;br /&gt;\n一、非都市土地變更編定申請書如附表四。&lt;br /&gt;\n二、興辦事業計畫核准文件。&lt;br /&gt;\n三、申請變更編定同意書。&lt;br /&gt;\n四、土地使用計畫配置圖及位置圖。&lt;br /&gt;\n五、其他有關文件。&lt;br /&gt;\n下列申請案件免附前項第二款及第四款規定文件︰&lt;br /&gt;\n一、符合第三十五條、第三十五條之一第一項第一款、第二款、第四款或&lt;br /&gt;\n第五款規定之零星或狹小土地。&lt;br /&gt;\n二、依第四十條規定已檢附需地機關核發之拆除通知書。&lt;br /&gt;\n三、鄉村區土地變更編定為乙種建築用地。&lt;br /&gt;\n四、變更編定為農牧、林業、國土保安或生態保護用地。&lt;br /&gt;\n申請案件符合第三十五條之一第一項第三款者，免附第一項第二款規定文&lt;br /&gt;\n件。&lt;br /&gt;\n申請人為土地所有權人者，免附第一項第三款規定之文件。&lt;br /&gt;\n興辦事業計畫有第三十條第二項及第三項規定情形者，應檢附區域計畫擬定機關核發許可文件。其屬山坡地範圍內土地申請興辦事業計畫面積未達&lt;br /&gt;\n十公頃者，應檢附興辦事業計畫面積免受限制文件。&lt;/p&gt;\n"
  },
  {
    "ProvisionId": "d83264af13e841a6a544cfa264f5ba20",
    "RegulationId": null,
    "ChapterId": "b37eb1edf7564188bdf15cf6023cbf52",
    "ProvisionTitle": "第29條",
    "ProvisionContent": "&lt;p&gt;申請人依相關法規規定應繳交回饋金或提撥一定年限之維護管理保證金者，直轄市或縣（市）政府應於核准變更編定時，通知申請人繳交；直轄市或縣（市）政府應於申請人繳交後，函請土地登記機關辦理變更編定異動登記。&lt;/p&gt;\n"
  },
  {
    "ProvisionId": "9c9bfb8f7eca43bf95886fba42211b02",
    "RegulationId": null,
    "ChapterId": "b37eb1edf7564188bdf15cf6023cbf52",
    "ProvisionTitle": "第30條",
    "ProvisionContent": "&lt;p&gt;辦理非都市土地變更編定時，申請人應擬具興辦事業計畫。&lt;br /&gt;\n前項興辦事業計畫如有第十一條或第十二條需辦理使用分區變更之情形者，應依第三章規定之程序及審議結果辦理。&lt;br /&gt;\n第一項興辦事業計畫於原使用分區內申請使用地變更編定，或因變更原經目的事業主管機關核准之興辦事業計畫性質，達第十一條規定規模，準用第三章有關土地使用分區變更規定程序辦理。&lt;br /&gt;\n第一項興辦事業計畫除有前二項規定情形外，應報經直轄市或縣（市）目的事業主管機關之核准。直轄市或縣（市）目的事業主管機關於核准前，應先徵得變更前直轄市或縣（市）目的事業主管機關及有關機關同意。但依規定需向中央目的事業主管機關申請或徵得其同意者，應從其規定辦理。變更後目的事業主管機關為審查興辦事業計畫，得視實際需要，訂定審查作業要點。&lt;br /&gt;\n申請人以前項經目的事業主管機關核准興辦事業計畫辦理使用地變更編定者，直轄市或縣（市）政府於核准變更編定時，應函請土地登記機關辦理異動登記，並將核定事業計畫使用項目等資料，依相關規定程序登錄於土地參考資訊檔。&lt;br /&gt;\n依第四項規定申請變更編定之土地，其使用管制及開發建築，應依目的事業主管機關核准之興辦事業計畫辦理，申請人不得逕依第六條附表一作為興辦事業計畫以外之其他容許使用項目或許可使用細目使用。&lt;/p&gt;\n"
  },
  {
    "ProvisionId": "823dd8b012e0403a9b60d6413cf162cd",
    "RegulationId": null,
    "ChapterId": "b37eb1edf7564188bdf15cf6023cbf52",
    "ProvisionTitle": "第30-1條",
    "ProvisionContent": "&lt;p&gt;依前條規定擬具之興辦事業計畫不得位於區域計畫規定之第一級環境敏感地區。但有下列情形之一者，不在此限：&lt;br /&gt;\n一、屬內政部會商中央目的事業主管機關認定由政府興辦之公共設施或公用事業，且經各項第一級環境敏感地區之中央法令規定之目的事業主管機關同意興辦。&lt;br /&gt;\n二、為整體規劃需要，不可避免夾雜之零星土地符合第三十條之二規定者，得納入範圍，並應維持原地形地貌不得開發使用。&lt;br /&gt;\n三、依各項第一級環境敏感地區之中央目的事業主管法令明定得許可或同意開發。&lt;br /&gt;\n四、屬優良農地，供農業生產及其必要之產銷設施使用，經農業主管機關&lt;br /&gt;\n認定符合農業發展所需，且不影響農業生產環境及農地需求總量。&lt;br /&gt;\n五、位於水庫集水區（供家用或供公共給水）非屬與水資源保育直接相關之環境敏感地區範圍，且該水庫集水區經水庫管理機關（構）擬訂水庫集水區保育實施計畫，開發行為不影響該保育實施計畫之執行。&lt;br /&gt;\n前項第五款與水資源保育直接相關之環境敏感地區範圍，為特定水土保持區、飲用水水源水質保護區或飲用水取水口一定距離之地區、水庫蓄水範圍、森林（國有林事業區、保安林、大專院校實驗林地及林業試驗林地等森林地區、區域計畫劃定之森林區）、地質敏感區（山崩與地滑）、山坡地（坡度百分之三十以上）及優良農地之地區。&lt;br /&gt;\n興辦事業計畫位於區域計畫規定之第一級環境敏感地區，且有第一項第五款情形者，應採低密度開發利用，目的事業主管機關審核其興辦事業計畫時，應參考下列事項：&lt;br /&gt;\n一、開發基地之土砂災害、水質污染、保水與逕流削減相關影響分析及因應措施。&lt;br /&gt;\n二、雨、廢（污）水分流、廢（污）水處理設施及水質監測設施之設置情形。&lt;br /&gt;\n依第二十八條第二項或第三項規定免檢附興辦事業計畫核准文件之變更編定案件，除申請變更編定為農牧、林業、生態保護或國土保安用地外，準用第一項規定辦理。&lt;/p&gt;\n"
  }
]