[
  {
    "FlowId": "2896a3bda75641b2ae292f30a045b866",
    "FlowEditionId": "0b729c3499244098bc551fb947598c40",
    "FlowName": "測試上傳附件",
    "ResponsibleOrganizer": "測試上傳附件",
    "Coorganiser": "測試上傳附件",
    "Suitable": "測試上傳附件",
    "Edition": "2",
    "RegulationTitle": "國有財產法",
    "PictureName": "202103151130504439",
    "UpActualFileName": "202105311358241318.jpg",
    "SysOrganizationID": "9b0f8386675e43a89d1a2f355103d5e4"
  },
  {
    "FlowId": "687753c5ea2a4500b91944839f5b818d",
    "FlowEditionId": "40ef33c3adf54ba198ba035759d55bb5",
    "FlowName": "自治條例法制作業流程圖",
    "ResponsibleOrganizer": "工程組",
    "Coorganiser": "工程組",
    "Suitable": "",
    "Edition": "2",
    "RegulationTitle": "\t工程受益費徵收條例",
    "PictureName": null,
    "UpActualFileName": null,
    "SysOrganizationID": "edb5d89f446a416ca755b0af5bd4b091"
  },
  {
    "FlowId": "44BE1E33E20A44A09B3E3D85EE72DD3C",
    "FlowEditionId": "44BE1E33E20A44A09B3E3D85EE72DD3C",
    "FlowName": "租地造林工寮申請案",
    "ResponsibleOrganizer": "林區管理處",
    "Coorganiser": "縣(市)政府",
    "Suitable": "租地造林承租人",
    "Edition": "2",
    "RegulationTitle": "林產物伐採查驗規則",
    "PictureName": null,
    "UpActualFileName": null,
    "SysOrganizationID": "9b0f8386675e43a89d1a2f355103d5e4"
  },
  {
    "FlowId": "1d1aa58bfa6f4a398aa9624ff12a75af",
    "FlowEditionId": "4964D5E8EE9E4A5DAC4EE16EAECB7D15",
    "FlowName": "森林法第8條公共設施及公用事業用地撥用",
    "ResponsibleOrganizer": "農委會、林務局",
    "Coorganiser": "縣(市)政府、內政部、原民會",
    "Suitable": "各級政府機關、學校、公(民)營公用事業機構",
    "Edition": "3",
    "RegulationTitle": "林產物伐採查驗規則、國有林地事業區出租造林地管理要點、水土保持法",
    "PictureName": null,
    "UpActualFileName": null,
    "SysOrganizationID": "d0d08d50092141f8b5b39b5165ca4c29"
  },
  {
    "FlowId": "56ac2b2a524d4a31a574d8d22bb7e946",
    "FlowEditionId": "56ac2b2a524d4a31a574d8d22bb7e946",
    "FlowName": "測試上傳附件111",
    "ResponsibleOrganizer": "測試上傳附件111",
    "Coorganiser": "測試上傳附件111",
    "Suitable": "測試上傳附件111",
    "Edition": "1",
    "RegulationTitle": "國有林林產物處分規則",
    "PictureName": "綿羊",
    "UpActualFileName": "202105311136524468.jpg",
    "SysOrganizationID": "9b0f8386675e43a89d1a2f355103d5e4"
  },
  {
    "FlowId": "5f3794ff5455487f8a450760022a38ff",
    "FlowEditionId": "5f3794ff5455487f8a450760022a38ff",
    "FlowName": "測試上傳附件5",
    "ResponsibleOrganizer": "測試上傳附件5",
    "Coorganiser": "測試上傳附件5",
    "Suitable": "測試上傳附件5",
    "Edition": "1",
    "RegulationTitle": null,
    "PictureName": "S__32636931",
    "UpActualFileName": "202105311033555956.jpg",
    "SysOrganizationID": "9b0f8386675e43a89d1a2f355103d5e4"
  },
  {
    "FlowId": "67714099be6844929e31625c867a1294",
    "FlowEditionId": "67714099be6844929e31625c867a1294",
    "FlowName": "測試上傳附件3",
    "ResponsibleOrganizer": "地用科",
    "Coorganiser": "",
    "Suitable": "",
    "Edition": "1",
    "RegulationTitle": "電子簽章法",
    "PictureName": "dog1",
    "UpActualFileName": "202109021717257862.jpeg",
    "SysOrganizationID": "9b0f8386675e43a89d1a2f355103d5e4"
  },
  {
    "FlowId": "75e51a27c4d74cc3b6570945349266af",
    "FlowEditionId": "75e51a27c4d74cc3b6570945349266af",
    "FlowName": "測試上傳附件4",
    "ResponsibleOrganizer": "測試上傳附件4",
    "Coorganiser": "測試上傳附件4",
    "Suitable": "測試上傳附件4",
    "Edition": "1",
    "RegulationTitle": "國有財產法",
    "PictureName": null,
    "UpActualFileName": null,
    "SysOrganizationID": "9b0f8386675e43a89d1a2f355103d5e4"
  },
  {
    "FlowId": "8e80f03e3a194b6398a7a5436d9ecf35",
    "FlowEditionId": "8e80f03e3a194b6398a7a5436d9ecf35",
    "FlowName": "非都市土地變更編定標準作業流程",
    "ResponsibleOrganizer": "地用科",
    "Coorganiser": "工程組1",
    "Suitable": "",
    "Edition": "1",
    "RegulationTitle": "非都市土地使用管制規則",
    "PictureName": "非都市土地變更編定流程圖",
    "UpActualFileName": "202107141145204883.jpg",
    "SysOrganizationID": "022832bda4294a7288d92602ce445f23"
  },
  {
    "FlowId": "a19e8b9e95de4c1685948564d41958ed",
    "FlowEditionId": "a19e8b9e95de4c1685948564d41958ed",
    "FlowName": "測試標題",
    "ResponsibleOrganizer": "測試主辦單位",
    "Coorganiser": "測試協辦單位",
    "Suitable": "",
    "Edition": "1",
    "RegulationTitle": null,
    "PictureName": null,
    "UpActualFileName": null,
    "SysOrganizationID": "9b0f8386675e43a89d1a2f355103d5e4"
  },
  {
    "FlowId": "54f0e913afcd4a2ab4950b489c107f6d",
    "FlowEditionId": "a1c7471b95fc430babe508d7f3893981",
    "FlowName": "災害防救法施行細則",
    "ResponsibleOrganizer": "林區管理處",
    "Coorganiser": "",
    "Suitable": "各級政府機關",
    "Edition": "2",
    "RegulationTitle": "具生產性私有林限制採伐補償要點",
    "PictureName": "雲層",
    "UpActualFileName": "202105271653130285.jpg",
    "SysOrganizationID": "9b0f8386675e43a89d1a2f355103d5e4"
  },
  {
    "FlowId": "a449b7d1012f4f4eab2e7c91cd8678b0",
    "FlowEditionId": "a449b7d1012f4f4eab2e7c91cd8678b0",
    "FlowName": "測試上傳附件2",
    "ResponsibleOrganizer": "測試上傳附件2",
    "Coorganiser": "測試上傳附件2",
    "Suitable": "測試上傳附件2",
    "Edition": "1",
    "RegulationTitle": "國有林林產物處分規則",
    "PictureName": "dog1",
    "UpActualFileName": "202105311013059169.jpeg",
    "SysOrganizationID": "d0d08d50092141f8b5b39b5165ca4c29"
  },
  {
    "FlowId": "14736b313c2d437ab31c10a7782af032",
    "FlowEditionId": "acfabd20843142edbd3b21ab7b6f42db",
    "FlowName": "林產物伐採申請案件",
    "ResponsibleOrganizer": "林區管理處",
    "Coorganiser": "縣政府",
    "Suitable": "各級政府機關",
    "Edition": "3",
    "RegulationTitle": "森林法、國有林地事業區出租造林地管理要點、水土保持法",
    "PictureName": null,
    "UpActualFileName": null,
    "SysOrganizationID": "d0d08d50092141f8b5b39b5165ca4c29"
  },
  {
    "FlowId": "B5078E8B5A0045DB9624DFF1F5C325DF",
    "FlowEditionId": "B5078E8B5A0045DB9624DFF1F5C325DF",
    "FlowName": "繼承承租權申請案",
    "ResponsibleOrganizer": "林區管理處",
    "Coorganiser": "無",
    "Suitable": "租地造林、暫准租地承租人",
    "Edition": "2",
    "RegulationTitle": "民法",
    "PictureName": null,
    "UpActualFileName": null,
    "SysOrganizationID": "d0d08d50092141f8b5b39b5165ca4c29"
  },
  {
    "FlowId": "b7a6ad6afa8f4362ba03b5184a9795a0",
    "FlowEditionId": "b7a6ad6afa8f4362ba03b5184a9795a0",
    "FlowName": "「數位簽章」技術之當事人關係圖及運作之流程圖",
    "ResponsibleOrganizer": "",
    "Coorganiser": "",
    "Suitable": "",
    "Edition": "1",
    "RegulationTitle": "電子簽章法",
    "PictureName": "電子簽章流程圖2",
    "UpActualFileName": "202107121152503670.gif",
    "SysOrganizationID": "9b0f8386675e43a89d1a2f355103d5e4"
  },
  {
    "FlowId": "cbd7e1f374ad44f8adc01dc2217dd74b",
    "FlowEditionId": "cbd7e1f374ad44f8adc01dc2217dd74b",
    "FlowName": "地政流程圖",
    "ResponsibleOrganizer": "",
    "Coorganiser": "",
    "Suitable": "",
    "Edition": "1",
    "RegulationTitle": "土地登記規則",
    "PictureName": "地政流程圖",
    "UpActualFileName": "202109161629468131.png",
    "SysOrganizationID": "9b0f8386675e43a89d1a2f355103d5e4"
  },
  {
    "FlowId": "92400308c34247f5a6c1c6930dc000a7",
    "FlowEditionId": "EB8B7733C9A84C2483B98730AA97639B",
    "FlowName": "承租權轉讓申請案件",
    "ResponsibleOrganizer": "林區管理處",
    "Coorganiser": "無",
    "Suitable": "租地造林承租人",
    "Edition": "3",
    "RegulationTitle": "獎勵輔導造林辦法、國有林地事業區出租造林地管理要點",
    "PictureName": null,
    "UpActualFileName": null,
    "SysOrganizationID": "d0d08d50092141f8b5b39b5165ca4c29"
  },
  {
    "FlowId": "FA2061DC181F458EAD2D0B12276CAFEB",
    "FlowEditionId": "FA2061DC181F458EAD2D0B12276CAFEB",
    "FlowName": "林地續租申請案",
    "ResponsibleOrganizer": "林區管理處",
    "Coorganiser": "無",
    "Suitable": "租地造林、暫准租地承租人",
    "Edition": "1",
    "RegulationTitle": "森林法、民法、水土保持法",
    "PictureName": null,
    "UpActualFileName": null,
    "SysOrganizationID": "d0d08d50092141f8b5b39b5165ca4c29"
  }
]