[
  {
    "ExplanationId": "0553757cf7034e6e9f7cfe557bfa4249",
    "AnnouncementDate": "民國110年01月05日",
    "AnnouncementNo": "1100105",
    "Subject": "解釋函",
    "ExplanationContent": "&lt;p&gt;&lt;strong&gt;測試&lt;/strong&gt;&lt;/p&gt;\n\n&lt;p&gt;&amp;nbsp;&lt;/p&gt;\n",
    "Remark": "",
    "SysOrganizationID": "d0d08d50092141f8b5b39b5165ca4c29"
  },
  {
    "ExplanationId": "18b7dcacd0084ab3b0f62de74e6ebcd1",
    "AnnouncementDate": "民國110年06月01日",
    "AnnouncementNo": "內政部110年6月1日台內地字第1100262356號公告",
    "Subject": "公告本部排除電子簽章法適用之項目（地政業務部分），並自即日生效",
    "ExplanationContent": "&lt;p&gt;一、本部排除電子簽章法適用之項目（地政業務部分）如附件。&lt;br /&gt;\n二、本部91年3月28日台內資字第0910070546號公告（地政業務部分），自即日停止適用。&lt;/p&gt;\n",
    "Remark": "",
    "SysOrganizationID": "9b0f8386675e43a89d1a2f355103d5e4"
  },
  {
    "ExplanationId": "1a53f66d7bdb4e8fac06fdf7de39b719",
    "AnnouncementDate": "民國99年04月14日",
    "AnnouncementNo": "農林務字第0990116843號\r\n",
    "Subject": "有關貴公所建議本會儘速檢討獎勵造林及林業經營政策，並加強塔曼山水土保持工作等情一案，復如說明，請查照。",
    "ExplanationContent": "&lt;p&gt;一、依據監察院99年3月12日(99)院台業貳字第0990703435號函辦理。&lt;/p&gt;\n\n&lt;p&gt;二、本會依據森林法第48條規定，為獎勵私人、原住民族或團體造林，於97年9月5日會同原住民族委員會訂定發布獎勵輔導造林辦法，不論獎勵輔導造林計畫(山坡地造林)或綠色造林計畫(平地造林)，造林獎勵金均為20年每公頃60萬元。惟考量平原農地係農民經常性耕作，賴以維生之經濟來源，且其土地使用多元化，機會成本較高，爰另行比照農糧署發給休耕直接給付每年每公頃9萬元，20年每公頃核發180萬元，合計240萬元，故衍生外界誤認為參與平地造林計畫之造林獎勵金較高。&lt;/p&gt;\n\n&lt;p&gt;三、依據獎勵輔導造林辦法相關規定，申請案如符合該辦法之區位、對象及新植造林方式等，則可據以辦理。受理申請之土地最小面積為0.1公頃以上，土地區位分別為森林法第21條第1款至第3款情形之林業用地，如環境敏感區位(沖蝕溝、陡峻裸露地、崩塌地、滑落地、破碎帶、風蝕嚴重地及沙丘散在地、水源地帶、水庫集水區、海岸地帶及河川兩岸、火災跡地、水災沖蝕地)、原住民保留地之林業用地、非都市計畫區之農牧用地及其他經中央主管機關認定有實施造林必要之地區；另受理對象則為該土地區位之合法使用權人；申請人填具申請書並檢附相關證明文件，向造林所在地之受理機關提出申請，並經主管機關現場勘查後，認有實施造林之需要者予以核准之；經核准之申請案件，主管機關每年進行造林檢測，符合成活率等檢測條件者，按其造林年度發給造林獎勵金。&lt;/p&gt;\n\n&lt;p&gt;四、本會已於99年2月份分別於北、中、南、東區舉辦四場山坡地獎勵造林政策座談會，邀集立法委員、環保團體、地方政府及林農共同參與討論，擴大社會參與，廣泛收集各界意見，並已訂期召開「申請獎勵輔導造林審核機制」研商會議，以期使獎勵輔導造林計畫推動程序更為縝密周詳，符合公眾參與之精神，並積極輔導林農使用正確之造林施作方式。&lt;/p&gt;\n\n&lt;p&gt;五、林木伐採須經一定的行政程序申請核准後始可施作，其審核標準依森林砍伐面積、林地坡度等對整體環境之影響，進行評估；森林法、水土保持法及環境影響評估法等訂有相關規定。為杜絕環境敏感區位之森林遭受砍伐，致生態環境破壞及國土保安疑慮，目前本會積極研擬限制採伐補償措施，針對限制採伐區域將依環境敏感度劃分不同方案，分析所需補償經費。另，為避免林農以伐木再造林方式申請造林獎勵，對環境敏感區位內屆造林獎勵年限之林地研議限制採伐補償措施，做為獎勵造林配套方案之一。&lt;/p&gt;\n\n&lt;p&gt;六、有關加強塔曼山水土保持工作乙節，查該集水區目前由水利署台北水源特定區管理局掌理，依該局組織條例相關治理計畫之擬訂、治理工程之規劃、測量、設計、施工等水利署本(99)年3月24日召開「研商台北市自來水事業處建議優先整治新店溪水源南勢溪上游札孔溪集水區內林班崩塌地及河道崩坍堆積嚴重區域」會議結論：南、北勢溪為大台北地區重要的供水來源，待各單位共同努力，降低任何對水源危害的可能風險。本會林務局針對札孔溪已辦理治理規劃，經調查原水濁度升高非僅上游崩塌地札孔溪造成，另據台北水源特定區管理局表示，台北水源特定區其他範圍內濁度問題已進行相關研究，並預計於民國100年再次檢討整體治理規劃，積極辦理。目前本會林務局新竹林區管理處辦理之「札孔溪集水區整體治理調查分析與規劃」，於期末報告審查會議將邀請各相關單位共同參與，研商南勢溪上游加強造林涵養水源對策。&lt;/p&gt;\n",
    "Remark": "",
    "SysOrganizationID": "d0d08d50092141f8b5b39b5165ca4c29"
  },
  {
    "ExplanationId": "1f5de6cfe3f649d38d315b8b94f52f3f",
    "AnnouncementDate": "民國97年07月21日",
    "AnnouncementNo": "林治字第0971604694號",
    "Subject": "貴處函報瑞穗鄉公所申請解除編號2624號水源涵養保安林一部案，復請查照。",
    "ExplanationContent": "&lt;p&gt;一、復貴處97年3月10日花治字第0978220116號函。&lt;/p&gt;\n\n&lt;p&gt;二、保安林得由中央主管機關解除一部或全部之情形，保安林解除審核標準第2條第1項規定「本法第8條第1項各款所列用地所必要者」，按森林法第8條第1項各款例示學校、醫院、公園、國防、交通、水利用地、公用事業、國家公園、風景特定區或森林遊樂區內經核准用地所必要者，該條第1項第1款在例示學校、醫院、公園之後，復以概括式語句「或其他公共設施用地」，概括之文句不包括與例示事項不相同之事項，應係與學校、醫院、公園之性質相當而提供不特定人使用或政府為謀求公益直接使用之設施而言。&lt;/p&gt;\n\n&lt;p&gt;三、本案設置飛行傘飛行平台基地不屬於森林法第8條第1項各款例示事項，且其性質與學校、醫院、公園之性質不相當，不屬於與同條第1項第1款後段所指「其他公共設施用地」，故應不符合保安林解除審核標準第2條第1項之規定。&lt;/p&gt;\n",
    "Remark": "",
    "SysOrganizationID": "d0d08d50092141f8b5b39b5165ca4c29"
  },
  {
    "ExplanationId": "44ae9e425ec04978a4f901892c6ecb47",
    "AnnouncementDate": "民國100年07月12日",
    "AnnouncementNo": "林造字第1001741540號",
    "Subject": "參與平地造林計畫之造林戶，關於天然災害現金救助是否有限制或排除適用案，復如說明，請查照。",
    "ExplanationContent": "&lt;p style=&#39;color: rgb(0, 0, 0); font-family: &quot;Microsoft JhengHei&quot;; font-size: medium; font-style: normal; font-variant-ligatures: normal; font-variant-caps: normal; font-weight: 400; letter-spacing: normal; orphans: 2; text-align: left; text-transform: none; white-space: normal; widows: 2; word-spacing: 0px; -webkit-text-stroke-width: 0px; background-color: rgb(255, 255, 255); text-decoration-thickness: initial; text-decoration-style: initial; text-decoration-color: initial; text-indent: -2em; margin-left: 2em;&#39;&gt;一、復貴府100年7月5日府農林字第1000505020號函。&lt;/p&gt;&lt;div style=&#39;color: rgb(0, 0, 0); font-family: &quot;Microsoft JhengHei&quot;; font-size: medium; font-style: normal; font-variant-ligatures: normal; font-variant-caps: normal; font-weight: 400; letter-spacing: normal; orphans: 2; text-align: left; text-transform: none; white-space: normal; widows: 2; word-spacing: 0px; -webkit-text-stroke-width: 0px; background-color: rgb(255, 255, 255); text-decoration-thickness: initial; text-decoration-style: initial; text-decoration-color: initial; text-indent: -2em; margin-left: 2em;&#39;&gt;二、依據「農業天然災害救助辦法」第5條規定:本辦法救助對象，係指實際從事農、林、漁、牧生產之自然人。前項救助對象，有下列情形之一者，不予救助:&lt;/div&gt;&lt;div style=&#39;color: rgb(0, 0, 0); font-family: &quot;Microsoft JhengHei&quot;; font-size: medium; font-style: normal; font-variant-ligatures: normal; font-variant-caps: normal; font-weight: 400; letter-spacing: normal; orphans: 2; text-align: left; text-transform: none; white-space: normal; widows: 2; word-spacing: 0px; -webkit-text-stroke-width: 0px; background-color: rgb(255, 255, 255); text-decoration-thickness: initial; text-decoration-style: initial; text-decoration-color: initial; text-indent: -2em; margin-left: 2em;&#39;&gt;&amp;nbsp;&lt;/div&gt;&lt;div style=&#39;color: rgb(0, 0, 0); font-family: &quot;Microsoft JhengHei&quot;; font-size: medium; font-style: normal; font-variant-ligatures: normal; font-variant-caps: normal; font-weight: 400; letter-spacing: normal; orphans: 2; text-align: left; text-transform: none; white-space: normal; widows: 2; word-spacing: 0px; -webkit-text-stroke-width: 0px; background-color: rgb(255, 255, 255); text-decoration-thickness: initial; text-decoration-style: initial; text-decoration-color: initial; text-indent: -2em; margin-left: 2em;&#39;&gt;(一)經營農、林、漁、牧業依有關法令應辦理登記或核准而未辦理者。&lt;/div&gt;&lt;div style=&#39;color: rgb(0, 0, 0); font-family: &quot;Microsoft JhengHei&quot;; font-size: medium; font-style: normal; font-variant-ligatures: normal; font-variant-caps: normal; font-weight: 400; letter-spacing: normal; orphans: 2; text-align: left; text-transform: none; white-space: normal; widows: 2; word-spacing: 0px; -webkit-text-stroke-width: 0px; background-color: rgb(255, 255, 255); text-decoration-thickness: initial; text-decoration-style: initial; text-decoration-color: initial; text-indent: -2em; margin-left: 2em;&#39;&gt;&amp;nbsp;&lt;/div&gt;&lt;div style=&#39;color: rgb(0, 0, 0); font-family: &quot;Microsoft JhengHei&quot;; font-size: medium; font-style: normal; font-variant-ligatures: normal; font-variant-caps: normal; font-weight: 400; letter-spacing: normal; orphans: 2; text-align: left; text-transform: none; white-space: normal; widows: 2; word-spacing: 0px; -webkit-text-stroke-width: 0px; background-color: rgb(255, 255, 255); text-decoration-thickness: initial; text-decoration-style: initial; text-decoration-color: initial; text-indent: -2em; margin-left: 2em;&#39;&gt;(二)使用土地、水源及設施，不符有關法令規定者。&lt;/div&gt;&lt;div style=&#39;color: rgb(0, 0, 0); font-family: &quot;Microsoft JhengHei&quot;; font-size: medium; font-style: normal; font-variant-ligatures: normal; font-variant-caps: normal; font-weight: 400; letter-spacing: normal; orphans: 2; text-align: left; text-transform: none; white-space: normal; widows: 2; word-spacing: 0px; -webkit-text-stroke-width: 0px; background-color: rgb(255, 255, 255); text-decoration-thickness: initial; text-decoration-style: initial; text-decoration-color: initial; text-indent: -2em; margin-left: 2em;&#39;&gt;&amp;nbsp;&lt;/div&gt;&lt;div style=&#39;color: rgb(0, 0, 0); font-family: &quot;Microsoft JhengHei&quot;; font-size: medium; font-style: normal; font-variant-ligatures: normal; font-variant-caps: normal; font-weight: 400; letter-spacing: normal; orphans: 2; text-align: left; text-transform: none; white-space: normal; widows: 2; word-spacing: 0px; -webkit-text-stroke-width: 0px; background-color: rgb(255, 255, 255); text-decoration-thickness: initial; text-decoration-style: initial; text-decoration-color: initial; text-indent: -2em; margin-left: 2em;&#39;&gt;(三)當季養殖水產物於天然災害發生前，未向直轄市或縣(市)政府辦理申報養殖之種類、數量、放養日期、規格及購價等資料者。&lt;/div&gt;&lt;div style=&#39;color: rgb(0, 0, 0); font-family: &quot;Microsoft JhengHei&quot;; font-size: medium; font-style: normal; font-variant-ligatures: normal; font-variant-caps: normal; font-weight: 400; letter-spacing: normal; orphans: 2; text-align: left; text-transform: none; white-space: normal; widows: 2; word-spacing: 0px; -webkit-text-stroke-width: 0px; background-color: rgb(255, 255, 255); text-decoration-thickness: initial; text-decoration-style: initial; text-decoration-color: initial; text-indent: -2em; margin-left: 2em;&#39;&gt;&amp;nbsp;&lt;/div&gt;&lt;div style=&#39;color: rgb(0, 0, 0); font-family: &quot;Microsoft JhengHei&quot;; font-size: medium; font-style: normal; font-variant-ligatures: normal; font-variant-caps: normal; font-weight: 400; letter-spacing: normal; orphans: 2; text-align: left; text-transform: none; white-space: normal; widows: 2; word-spacing: 0px; -webkit-text-stroke-width: 0px; background-color: rgb(255, 255, 255); text-decoration-thickness: initial; text-decoration-style: initial; text-decoration-color: initial; text-indent: -2em; margin-left: 2em;&#39;&gt;前項第三款養殖漁業放養申報作業及審查要點，由中央主管機關訂之。同產季同項農產品，以救助一次為限。&lt;/div&gt;&lt;div style=&#39;color: rgb(0, 0, 0); font-family: &quot;Microsoft JhengHei&quot;; font-size: medium; font-style: normal; font-variant-ligatures: normal; font-variant-caps: normal; font-weight: 400; letter-spacing: normal; orphans: 2; text-align: left; text-transform: none; white-space: normal; widows: 2; word-spacing: 0px; -webkit-text-stroke-width: 0px; background-color: rgb(255, 255, 255); text-decoration-thickness: initial; text-decoration-style: initial; text-decoration-color: initial; text-indent: -2em; margin-left: 2em;&#39;&gt;&amp;nbsp;&lt;/div&gt;&lt;div style=&#39;color: rgb(0, 0, 0); font-family: &quot;Microsoft JhengHei&quot;; font-size: medium; font-style: normal; font-variant-ligatures: normal; font-variant-caps: normal; font-weight: 400; letter-spacing: normal; orphans: 2; text-align: left; text-transform: none; white-space: normal; widows: 2; word-spacing: 0px; -webkit-text-stroke-width: 0px; background-color: rgb(255, 255, 255); text-decoration-thickness: initial; text-decoration-style: initial; text-decoration-color: initial; text-indent: -2em; margin-left: 2em;&#39;&gt;三、至獎勵造林之造林戶得否同時領取天然災害現金救助一事，經查獎勵造林及天然災害救助之目的與本質不同，倘造林戶符合說明二規定且無所列之不予救助情事者，自得申領天然災害現金救助。&lt;/div&gt;&lt;div style=&#39;color: rgb(0, 0, 0); font-family: &quot;Microsoft JhengHei&quot;; font-size: medium; font-style: normal; font-variant-ligatures: normal; font-variant-caps: normal; font-weight: 400; letter-spacing: normal; orphans: 2; text-align: left; text-transform: none; white-space: normal; widows: 2; word-spacing: 0px; -webkit-text-stroke-width: 0px; background-color: rgb(255, 255, 255); text-decoration-thickness: initial; text-decoration-style: initial; text-decoration-color: initial; text-indent: -2em; margin-left: 2em;&#39;&gt;&amp;nbsp;&lt;/div&gt;&lt;div style=&#39;color: rgb(0, 0, 0); font-family: &quot;Microsoft JhengHei&quot;; font-size: medium; font-style: normal; font-variant-ligatures: normal; font-variant-caps: normal; font-weight: 400; letter-spacing: normal; orphans: 2; text-align: left; text-transform: none; white-space: normal; widows: 2; word-spacing: 0px; -webkit-text-stroke-width: 0px; background-color: rgb(255, 255, 255); text-decoration-thickness: initial; text-decoration-style: initial; text-decoration-color: initial; text-indent: -2em; margin-left: 2em;&#39;&gt;四、末按貴府說明四函詢天然災害現金救助標準一節，查天然災害現金救助係以實際受害面積為準，其損失率達20%以上，即得辦理現金救助，受害面積如無法確定，仍應進行測量以符實際，貴府所述損失面積達20%即以總面積計算係為錯誤，本局前業以96年9月6日農授林務字第&lt;a href=&quot;https://explain.forest.gov.tw/ExpContent.aspx?ECSN=808&quot; target=&quot;_blank&quot;&gt;0960148890&lt;/a&gt;號函知各縣市政府有案。&lt;/div&gt;",
    "Remark": "測試",
    "SysOrganizationID": "d0d08d50092141f8b5b39b5165ca4c29"
  },
  {
    "ExplanationId": "495ec5c4aac045839cc4fbd2a5072a3f",
    "AnnouncementDate": "民國90年09月06日",
    "AnnouncementNo": "林政字第0901616955號",
    "Subject": "有關竊占本局經管之國有不動產，原應由本局依民法第七百六十七條對無權占有人行使所有人請求返還及妨害之防止、除去等權利之案件，鑑於貴處為是類財產之實際管理使用者，爰參酌最高法院五十一年台上字第二六八O號判例，得由貴處以實際管理者資格起訴，代國家主張所有人權利，以避免相對人以當事人不適格為由，延滯訴訟程序進行，請查照。",
    "ExplanationContent": "&lt;p&gt;依據新竹林區管理處九十年八月二十一日九十竹政字第九O二二一O七五九號函辦理。&lt;/p&gt;\n",
    "Remark": "",
    "SysOrganizationID": "d0d08d50092141f8b5b39b5165ca4c29"
  },
  {
    "ExplanationId": "592b4d8a488444c896c135f38e5e4389",
    "AnnouncementDate": "民國110年01月03日",
    "AnnouncementNo": "農授林務字第1021741233號",
    "Subject": "測試釋函數量",
    "ExplanationContent": "&lt;p&gt;測試釋函數量&lt;/p&gt;\n",
    "Remark": "",
    "SysOrganizationID": "d0d08d50092141f8b5b39b5165ca4c29"
  },
  {
    "ExplanationId": "5941d03523de43f0af69f00ba885f6d2",
    "AnnouncementDate": "民國110年06月12日",
    "AnnouncementNo": "內政部109年6月10日台內地字第1090122495號函",
    "Subject": "有關地政機關受理拍賣登記洽請地方稅稽徵機關協助查明應（欠）繳工程受益費之簡化聯繫事宜",
    "ExplanationContent": "&lt;p&gt;一、依據財政部109年6月4日台財稅字第10904572860號函（附件1略）辦理。&lt;br /&gt;\n二、按跨直轄市、縣（市）申請土地登記，自109年7月起將新增試辦拍賣等登記案件，針對應（欠）繳工程受益費之區域，依工程受益費徵收條例第6條規定，地政機關受理登記申請案件仍應配合審查有無欠繳工程受益費，如有疑義宜洽稅捐稽徵機關查明。為強化地政與稅捐稽徵機關橫向聯繫，主動查證落實跨機關合作，並簡化行政作業，經本部研提建議處理方式，獲財政部前揭109年6月4日函同意，茲說明如下：&lt;br /&gt;\n(一)地政機關受理拍賣登記案件，倘有該不動產有無應（欠）繳工程受益費疑義，得循下列程序辦理（示意範例如附件2略）：&lt;br /&gt;\n1、地政機關影印該不動產權利移轉證書，於空白處註明機關名稱、電話、傳真、收件年字號並加蓋承辦人職章，傳真至不動產所在地轄區稅捐稽徵機關協請查明工程受益費是否繳清，並以電話通知。&lt;br /&gt;\n2、稅捐稽徵機關接獲該傳真查欠文件，協助查明所載標的有無應（欠）繳工程受益費，將結果填載於該文件並加蓋職章後傳真回復。倘查有欠繳工程受益費，地政機關則予列入通知補正事項。&lt;br /&gt;\n(二)（略）。&lt;/p&gt;\n",
    "Remark": "",
    "SysOrganizationID": "edb5d89f446a416ca755b0af5bd4b091"
  },
  {
    "ExplanationId": "5b5ee783b0064379b0f06859a018489a",
    "AnnouncementDate": "民國95年06月06日",
    "AnnouncementNo": "(85)農林字第5030269A號",
    "Subject": "非經主管機關之同意，不得在公共場所陳列、展示之瀕臨絕種及珍貴稀有野生動物產製品之管理補充規定如說明，請查照轉知所屬機關及所轄各相關單位遵循辦理。",
    "ExplanationContent": "&lt;p&gt;一、非經主管機關之同意，不得在公共場所陳列、展示之瀕臨絕種及珍貴稀有野生動物產製品種類本會業於85年5月28日以85農林字第5030238A號公告在案。&lt;/p&gt;\n\n&lt;p&gt;二、凡屬前項公告種類之陳列、展示申請案，申請者應檢具陳列、展示計畫書，載明下列事項：&lt;/p&gt;\n\n&lt;p&gt;﹝一﹞展示目的。&lt;/p&gt;\n\n&lt;p&gt;﹝二﹞展示時間。&lt;/p&gt;\n\n&lt;p&gt;﹝三﹞展示地點。&lt;/p&gt;\n\n&lt;p&gt;﹝四﹞展示物種學名。&lt;/p&gt;\n\n&lt;p&gt;﹝五﹞展示物種品目〈如：標本、牙、皮、毛‧‧‧〉。&lt;/p&gt;\n\n&lt;p&gt;﹝六﹞展示方式〈如：實物配合圖片、文字‧‧‧〉。&lt;/p&gt;\n\n&lt;p&gt;﹝七﹞展示內容〈如：提送附加文字之模擬展示圖‧‧‧〉。&lt;/p&gt;\n\n&lt;p&gt;三、對於長期定點展示之申請案，各主管機關得視實際情況需要就前項所列各款視個案之不同，斟酌予以修正。&lt;/p&gt;\n\n&lt;p&gt;四、在公共場所陳列、展示之活動應以不違反保育之原則為前提，各主管機關得視實際個案，要求申請者提供說明二所列各款以外之補充資料，並本於職權自行核處。對於申請者在實際陳列、展示時若有與申請內容不符之行為究應如何處理，並請事先納入考量。&lt;/p&gt;\n",
    "Remark": "",
    "SysOrganizationID": "d0d08d50092141f8b5b39b5165ca4c29"
  },
  {
    "ExplanationId": "5db67fd124a64fb489de9916de3cd668",
    "AnnouncementDate": "民國110年01月02日",
    "AnnouncementNo": "林造字第1001741555號",
    "Subject": "測試釋函數量",
    "ExplanationContent": "&lt;p&gt;測試&lt;/p&gt;\n",
    "Remark": "",
    "SysOrganizationID": "d0d08d50092141f8b5b39b5165ca4c29"
  },
  {
    "ExplanationId": "64867831bd08405c8a06a2fbcf005cd6",
    "AnnouncementDate": "民國107年12月31日",
    "AnnouncementNo": "內政部107年12月5日內授中辦地字第1071303235號函",
    "Subject": "依非都市土地使用管制規則第6條、第26條及第30條規定，建置土地參考資訊檔範例",
    "ExplanationContent": "&lt;p&gt;一、依107年3月19日修正之非都市土地使用管制規則（以下簡稱管制規則）第6條、第26條及第30條規定，於核准臨時使用、開發許可及變更編定案件時，應將臨時使用用途及期限或核定事業計畫使用項目等資料，登錄於土地參考資訊檔（以下簡稱參考檔）。&lt;br /&gt;\n二、該參考檔應載內容，於本部106年9月27日、107年1月29日及1月31日辦理「非都市土地使用管制相關事項應如何建置土地參考資訊檔說明會」時，已請貴府參照管制規則107年3月19日修正前之註記登記範例（本部90年4月23日台（90）內中地字第9081143號及92年5月1日內授中辦地字第0920083004號函釋規定）建置參考檔有案。其登載內容如下，貴府得視個案情形酌予調整文字：&lt;br /&gt;\n(一)第6條第1項規定臨時使用：「依據◇◇◇○○年○○月○○日○○字第○○○○號函核准作為□□臨時使用，自○○年○○月○○日起至○○年○○月○○日止，為期○年。」（◇◇◇表中央目的事業主管機關；□□表臨時使用用途）&lt;br /&gt;\n(二)第26條規定：「依據○○市／縣（市）政府○○年○○月○○日○○字第○○○○號函核准使用分區及使用地變更，限依其□□開發計畫作為△△使用。」（□□開發事業計畫名稱；△△表計畫使用項目）&lt;br /&gt;\n(三)第30條第5項規定：「依據○○市／縣（市）政府○○年○○月○○日○○字第○○○○號函核准變更編定，限依其□□事業計畫作為△△使用。」（□□表興辦事業計畫名稱；△△表計畫使用項目）&lt;br /&gt;\n三、至上開本部90年4月23日及92年5月1日函釋停止適用；另請貴府配合辦理以下事項：&lt;br /&gt;\n(一)已依上開函釋辦竣土地登記簿標示部註記登記之土地，請於108年2月底前完成參考檔之建置及塗銷原註記登記。&lt;br /&gt;\n(二)為利參考檔內容稽核需要，於「土地登記複丈地價地用整合系統WEB版」地用系統產製旨揭案件之「非都市土地使用編定清冊」時，仍請參照參考檔內容，辦理備註事項之登錄，以備查考。&lt;br /&gt;\n(三)請加強辦理參考檔之宣導作業，俾統一非都市土地使用管制事項之公示管道，以維護民眾權益。&lt;br /&gt;\n(四)(略)&lt;/p&gt;\n",
    "Remark": "",
    "SysOrganizationID": "022832bda4294a7288d92602ce445f23"
  },
  {
    "ExplanationId": "6B85D44FD25B4A71B476F331A5EDDBD3",
    "AnnouncementDate": "民國100年12月14日",
    "AnnouncementNo": "林造字第1001664926號",
    "Subject": "有關貴府詢問○○○君座落佳義段○○○地號原住民保留地林業用地獎勵輔導造林申請疑義案，復請 查照。",
    "ExplanationContent": "<p>一、復貴府100年12月5日屏府原產字第1000320788號函。</p>\r\n<p>二、本案倘符合「獎勵輔導造林辦法」(以下簡稱本辦法)第2條對象及第4條土地區位等規定，申請人自可提出獎勵造林申請。而貴府應依本辦法第6條第1項規定現場勘查，認定有實施造林之需要者核准其申請。</p>\r\n\r\n<p>三、倘經貴府依森林法核准伐採後之跡地，貴府可依「獎勵造林審查要點」第2點各款情形認定有實施造林之需要。倘貴府在認定能否砍伐芒果樹並參加獎勵造林時，有實務執行上之疑議，建議可參照「獎勵造林審查要點」第4點第3項組成諮詢小組規定，由貴府成立之諮詢小組協助認定有實施造林之需要後，再據以核准其獎勵造林申請為宜。</p>\r\n\r\n<p>四、另地上物芒果樹之處分如不涉外運，是否得比照林產物伐採查驗規則辦理一節，查森林法第45條第1項規定，凡伐採林產物，應經主管機關許可並查驗，始得運銷。貴府倘認定本案之芒果樹屬於林業經營之造林樹種，則應依林產物伐採查驗規則第8條規定，申請伐採許可。至伐採之林產物不涉外運者，無須依林產物伐採查驗規則第15條規定，向該管林業主管機關申請放行查驗。</p>",
    "Remark": null,
    "SysOrganizationID": "d0d08d50092141f8b5b39b5165ca4c29"
  },
  {
    "ExplanationId": "6c70d7d85d824c43b61100d14096ef64",
    "AnnouncementDate": "民國110年01月02日",
    "AnnouncementNo": "測試1",
    "Subject": "測試1",
    "ExplanationContent": "&lt;p&gt;測試1&lt;/p&gt;\n",
    "Remark": "",
    "SysOrganizationID": "d0d08d50092141f8b5b39b5165ca4c29"
  },
  {
    "ExplanationId": "6e0c907bc9eb430bb659aa006516d667",
    "AnnouncementDate": "民國110年09月16日",
    "AnnouncementNo": "110/09/16",
    "Subject": "110/09/16",
    "ExplanationContent": "&lt;p&gt;110/09/16&lt;/p&gt;\n",
    "Remark": "",
    "SysOrganizationID": "9b0f8386675e43a89d1a2f355103d5e4"
  },
  {
    "ExplanationId": "74B06ECB8EB0488BA844BDFF8B5B2364",
    "AnnouncementDate": "民國95年04月04日",
    "AnnouncementNo": "林造字第0951606371號",
    "Subject": "有關獎勵造林土地發生所有權移轉，繼受人如須處分地上林木，必須依森林法第45條及林產物伐採查驗規則之規定申請，並經貴府許可始得辦理，請查照。",
    "ExplanationContent": "<p>一、依據貴府95年3月30日府農林字第0950033012號函副本辦理。</p>\r\n<p>二、依據森林法第45條及林產物伐採查驗規則之規定，凡伐採林產物，應經主管機關許可並經查驗，始得運銷。</p>\r\n\r\n<p>三、本案原申請獎勵造林人參加政府推行之獎勵造林政策，既已領取獎勵金有案，該造林地已屬林產物伐採查驗規則第2條，以營林為目的之私有林。</p>\r\n<p>四、本案貴府致函○○○君說明三所敘:「請於造林木砍伐後通知本府」，核有未洽，請予改正。並請速通知土地所有權人伐採林產物應經申請，並經貴府許可始得伐採。</p>\r\n",
    "Remark": null,
    "SysOrganizationID": "d0d08d50092141f8b5b39b5165ca4c29"
  },
  {
    "ExplanationId": "7511ca3f9d474cea84ebcda4cf462a26",
    "AnnouncementDate": "民國110年01月09日",
    "AnnouncementNo": "測試2",
    "Subject": "測試2",
    "ExplanationContent": "&lt;p&gt;測試2&lt;/p&gt;\n",
    "Remark": "",
    "SysOrganizationID": "d0d08d50092141f8b5b39b5165ca4c29"
  },
  {
    "ExplanationId": "7717E86148C3439BB6FD5BB13252DEAE",
    "AnnouncementDate": "民國131年03月13日",
    "AnnouncementNo": "農企字第0970112247號",
    "Subject": "有關非都市土地國土保安用地之主管機關及工業區國土保安用地申請容許風力發電機組之審查標準一案，復如說明，請查照。",
    "ExplanationContent": "&lt;p&gt;一、復貴府96年12月26日府農育字第0960264738號函。二、查「非都市土地使用管制規則」第6條第3項附表一及第5項規定，國土保安用地容許設置「再生能源發電設施」，惟限於風力發電及太陽光電發電設施點狀使用，點狀使用面積不得超過660平方公尺，並需經目的事業主管機關、使用地主管機關及有關機關許可後，始得使用；而目的事業主管機關為辦理容許使用案件，得視實際需要，訂定審查作業要點。次依「非都市土地容許使用執行要點」第7點規定，目的事業主管機關受理申請許可使用案件後，應徵得使用地主管機關同意及加會各有關機關。準此，國土保安用地申請許可設置風力發電機組案件，目的事業主管機關﹝經濟部能源局﹞應依上開規定徵詢使用地主管機關﹝農業單位﹞及所涉及之各相關機關﹝例：位於工業區者為工業主管機關；經區域計畫委員會審議通過而劃設之國土保安用地者，為區域計畫擬定機關及事業計畫主管機關；‧‧‧﹞，確認符合各該法令規定後，始得核准設置。內政部97年3月5日內授中辦地字第0970042336號函﹝影本﹞復如附件1。三、依「農業發展條例施行細則」第2條規定，國土保安用地屬該條例第3條第10款所稱農業用地之範圍，因再生能源發電設施屬非農業使用性質，且依本會林務局96年4月23日林企字第0961710357號函示意旨，國土保安用地之管制應強於林業用地，故目的事業主管機關依上揭管制規則等有關法令徵詢農業單位﹝使用地主管機關﹞同意時，參依「農業主管機關同意農業用地變更使用審查作業要點」規定，應先就事業設置之必要性與計畫所提區位、面積等是否符合事業所需提供意見，方由貴府農業﹝含林業﹞主管機關依據農業發展條例第10條及森林法現有相關法令審查標準規定或內涵﹝不含程序規定﹞予以審查提供意見，俾供目的事業主管機關核處。如為保安林，須再依「保安林經營準則」及「保安林施業方法」之各類保安林施業規定辦理。四、另國土保安用地如屬經納入隔離綠帶或設施計算之土地，應由原興辦事業計畫或土地使用計畫主管機關管制其確依核定計畫供作隔離綠帶或設施使用；其有區位變更或使用更動情事者，應先報經目的事業主管機關徵求農業主管機關同意。本會90年3月9日﹝90﹞農企字第900109894號書函示有案，如附件2。&lt;/p&gt;\n\n&lt;p&gt;&amp;nbsp;&lt;/p&gt;\n",
    "Remark": "",
    "SysOrganizationID": "d0d08d50092141f8b5b39b5165ca4c29"
  },
  {
    "ExplanationId": "7e7f4732f72b4af38bc95406e2b3178a",
    "AnnouncementDate": "民國84年11月17日",
    "AnnouncementNo": "農授林務字第1021741225號",
    "Subject": "參與平地造林計畫之造林戶，關於天然災害現金救助是否有限制或排除適用案，復如說明，請查照。",
    "ExplanationContent": "&lt;p&gt;&lt;span style=&#39;color: rgb(0, 0, 0); font-family: &quot;Microsoft JhengHei&quot;; font-size: medium; font-style: normal; font-variant-ligatures: normal; font-variant-caps: normal; font-weight: 400; letter-spacing: normal; orphans: 2; text-align: left; text-indent: -32px; text-transform: none; white-space: normal; widows: 2; word-spacing: 0px; -webkit-text-stroke-width: 0px; background-color: rgb(255, 255, 255); text-decoration-thickness: initial; text-decoration-style: initial; text-decoration-color: initial; display: inline !important; float: none;&#39;&gt;一、復 貴府102年4月9日府農植字第1020083331號函。&lt;/span&gt;&lt;br style=&quot;color: rgb(0, 0, 0); font-family: &amp;quot;Microsoft JhengHei&amp;quot;; font-size: medium; font-style: normal; font-variant-ligatures: normal; font-variant-caps: normal; font-weight: 400; letter-spacing: normal; orphans: 2; text-align: left; text-indent: -32px; text-transform: none; white-space: normal; widows: 2; word-spacing: 0px; -webkit-text-stroke-width: 0px; background-color: rgb(255, 255, 255); text-decoration-thickness: initial; text-decoration-style: initial; text-decoration-color: initial;&quot;&gt;&lt;span style=&#39;color: rgb(0, 0, 0); font-family: &quot;Microsoft JhengHei&quot;; font-size: medium; font-style: normal; font-variant-ligatures: normal; font-variant-caps: normal; font-weight: 400; letter-spacing: normal; orphans: 2; text-align: left; text-indent: -32px; text-transform: none; white-space: normal; widows: 2; word-spacing: 0px; -webkit-text-stroke-width: 0px; background-color: rgb(255, 255, 255); text-decoration-thickness: initial; text-decoration-style: initial; text-decoration-color: initial; display: inline !important; float: none;&#39;&gt;二、依本會101年11月5日農林務字第1011742933號函釋，山坡地開發利用回饋金計算，應依山坡地開發利用回饋金繳交辦法(以下簡稱本辦法)第5條第1項規定，以水土保持計畫或簡易水土保持申報書之「計畫面積」計算。因本辦法並無將「計畫面積」先扣除「已繳交農業用地變更回饋金之土地面積」後，再據以計算回饋金規定，倘該申請案件有符合本辦法第8條第5款，得免繳交經計算之回饋金。&lt;/span&gt;&lt;br style=&quot;color: rgb(0, 0, 0); font-family: &amp;quot;Microsoft JhengHei&amp;quot;; font-size: medium; font-style: normal; font-variant-ligatures: normal; font-variant-caps: normal; font-weight: 400; letter-spacing: normal; orphans: 2; text-align: left; text-indent: -32px; text-transform: none; white-space: normal; widows: 2; word-spacing: 0px; -webkit-text-stroke-width: 0px; background-color: rgb(255, 255, 255); text-decoration-thickness: initial; text-decoration-style: initial; text-decoration-color: initial;&quot;&gt;&lt;span style=&#39;color: rgb(0, 0, 0); font-family: &quot;Microsoft JhengHei&quot;; font-size: medium; font-style: normal; font-variant-ligatures: normal; font-variant-caps: normal; font-weight: 400; letter-spacing: normal; orphans: 2; text-align: left; text-indent: -32px; text-transform: none; white-space: normal; widows: 2; word-spacing: 0px; -webkit-text-stroke-width: 0px; background-color: rgb(255, 255, 255); text-decoration-thickness: initial; text-decoration-style: initial; text-decoration-color: initial; display: inline !important; float: none;&#39;&gt;三、查貴府前以102年2月20日府農植字第1020038215號函詢問相同疑義，業經本會林務局以102年3月1日林造字第1021740706號函復貴府。嗣後貴縣議員徐玉樹服務處於102年3月28日召開協調會時，亦已就相同疑義討論結果有案。&lt;/span&gt;&lt;/p&gt;&lt;p data-f-id=&quot;pbf&quot; style=&quot;text-align: center; font-size: 14px; margin-top: 30px; opacity: 0.65; font-family: sans-serif;&quot;&gt;Powered by &lt;a href=&quot;https://www.froala.com/wysiwyg-editor?pb=1&quot; title=&quot;Froala Editor&quot;&gt;Froala Editor&lt;/a&gt;&lt;/p&gt;",
    "Remark": "",
    "SysOrganizationID": "d0d08d50092141f8b5b39b5165ca4c29"
  },
  {
    "ExplanationId": "80d268bcb564494a8a0062a8249e9c60",
    "AnnouncementDate": "民國110年09月02日",
    "AnnouncementNo": "測試",
    "Subject": "測試",
    "ExplanationContent": "&lt;p&gt;測試&lt;/p&gt;\n",
    "Remark": "",
    "SysOrganizationID": "9b0f8386675e43a89d1a2f355103d5e4"
  },
  {
    "ExplanationId": "8525277e983443cfaf66b656b56c9cf2",
    "AnnouncementDate": "民國110年09月16日",
    "AnnouncementNo": "NO1",
    "Subject": "釋函",
    "ExplanationContent": "&lt;p&gt;釋函&lt;/p&gt;\n",
    "Remark": "",
    "SysOrganizationID": "9b0f8386675e43a89d1a2f355103d5e4"
  },
  {
    "ExplanationId": "8e147ad94dfb4c81b445bdda9467194f",
    "AnnouncementDate": "民國110年05月06日",
    "AnnouncementNo": "內政部92年1月15日台內地字第0920002107號函",
    "Subject": "依臺灣地區與大陸地區人民關係條例第69條規定核准取得之不動產，得依法申辦繼承登記",
    "ExplanationContent": "&lt;p&gt;關於大陸地區人民在臺購置取得不動產物權，其大陸繼承人得否繼承該不動產物權疑義乙案，依行政院大陸委員會92年1月3日陸法字第0910022902號略以：「&amp;hellip;且第69條或其許可辦法，對於大陸地區人民之『取得』不動產物權，並未限定取得原因，因此，解釋上亦應適用於因繼承而取得不動產物權之情形。是以為符合新修正之第69條開放大陸地區人民取得不動產物權之整體規範精神，復以參酌第67條「避免臺灣地區資金大量流入大陸地區」之立法意旨，如大陸地區人民繼承大陸地區人民在臺灣地區之遺產，而該遺產係大陸地區之被繼承人，自大陸地區移入臺灣地區或其變形、或交換所得之財產，例如依第69條規定經許可在臺購置取得之不動產，應無第67條之適用。」是以依臺灣地區與大陸地區人民關係條例第69條規定核准取得之不動產，發生繼承情事時，得依法申請繼承登記。&lt;/p&gt;\n",
    "Remark": "13465",
    "SysOrganizationID": "9b0f8386675e43a89d1a2f355103d5e4"
  },
  {
    "ExplanationId": "9e0118a4995c429c84d8a86864bd76f0",
    "AnnouncementDate": "民國110年07月09日",
    "AnnouncementNo": "內政部110年6月8日台內地字第1100263097號公告",
    "Subject": "公告延長跨直轄市、縣（市）申請土地登記之登記項目試辦日期。",
    "ExplanationContent": "&lt;p&gt;依據：土地登記規則第3條第4項及跨直轄市縣（市）收辦土地登記案件作業要點第3點。&lt;br /&gt;\n公告事項：&lt;br /&gt;\n一、跨直轄市、縣（市）申請土地登記之登記項目及其處理期限、實施或試辦日期，前經本部109年5月22日台內地字第10902624265號公告在案。為持續提供跨域便民服務，原訂自109年7月1日至110年6月30日試辦之下列登記項目，延長試辦至111年6月30日：&lt;br /&gt;\n(一)拍賣登記（不包括權利人或義務人為外國人或大陸地區人民、法人、團體、其他機構或陸資公司）。&lt;br /&gt;\n(二)抵押權塗銷登記（以抵押權人為金融機構為限）。&lt;br /&gt;\n(三)抵押權設定、內容變更及讓與登記（以權利人為金融機構為限）。&lt;/p&gt;\n\n&lt;p&gt;二、本公告另刊載於本部地政司全球資訊網（網址https://www.land.moi.gov.tw）。&lt;/p&gt;\n",
    "Remark": "",
    "SysOrganizationID": "9b0f8386675e43a89d1a2f355103d5e4"
  },
  {
    "ExplanationId": "a4262c07638440abb9c36792dbbd41e0",
    "AnnouncementDate": "民國73年11月17日",
    "AnnouncementNo": "農林務字第0951730503號",
    "Subject": "為「保安林點線狀使用原則」點狀面積基準案，請依說明二辦理，請查照。",
    "ExplanationContent": "&lt;p style=&#39;color: rgb(0, 0, 0); font-family: &quot;Microsoft JhengHei&quot;; font-size: medium; font-style: normal; font-variant-ligatures: normal; font-variant-caps: normal; font-weight: 400; letter-spacing: normal; orphans: 2; text-align: left; text-transform: none; white-space: normal; widows: 2; word-spacing: 0px; -webkit-text-stroke-width: 0px; background-color: rgb(255, 255, 255); text-decoration-thickness: initial; text-decoration-style: initial; text-decoration-color: initial; text-indent: -2em; margin-left: 2em;&#39;&gt;&lt;span style=&quot;line-height: 19px; font-family: Arial, Helvetica, sans-serif; letter-spacing: 1px;&quot;&gt;一、依據本會林務局案陳台北市政府建設局95年10月23日北市建三字第09533182200號函辦理。&lt;/span&gt;&lt;/p&gt;&lt;p style=&#39;color: rgb(0, 0, 0); font-family: &quot;Microsoft JhengHei&quot;; font-size: medium; font-style: normal; font-variant-ligatures: normal; font-variant-caps: normal; font-weight: 400; letter-spacing: normal; orphans: 2; text-align: left; text-transform: none; white-space: normal; widows: 2; word-spacing: 0px; -webkit-text-stroke-width: 0px; background-color: rgb(255, 255, 255); text-decoration-thickness: initial; text-decoration-style: initial; text-decoration-color: initial; text-indent: -2em; margin-left: 2em;&#39;&gt;&lt;span style=&quot;line-height: 19px; font-family: Arial, Helvetica, sans-serif; letter-spacing: 1px;&quot;&gt;二、本會前於90年7月10日90農林務字第0901730205號函說明有關保安林地不解除而同意供公共設施零星用地使用問題，同意依本會林務局所擬供公共使用之零星用地處理原則，即「保安林點線狀使用原則」辦理，該原則係參酌「非都市土地使用管制規則」及「非都市土地使用執行要點」規定，在不影響國土保安及保安林整體經營管理原則下，供公共設施使用之保安林點狀使用面積不超過為330平方公尺；茲「非都市土地使用管制規則」既經內政部91年5月31日以台內中地字第0910084243號令修正附表1各種使用地容許使用項目表所列，林業用地之公用事業設施，點狀使用面積不得超過660平方公尺，則有關保安林不解除而同意供公共設施零星用之點狀使用面積亦應修正為不超過660平方公尺；本原則並一併適用臺北市、高雄市。&lt;/span&gt;&lt;/p&gt;&lt;p data-f-id=&quot;pbf&quot; style=&quot;text-align: center; font-size: 14px; margin-top: 30px; opacity: 0.65; font-family: sans-serif;&quot;&gt;Powered by &lt;a href=&quot;https://www.froala.com/wysiwyg-editor?pb=1&quot; title=&quot;Froala Editor&quot;&gt;Froala Editor&lt;/a&gt;&lt;/p&gt;",
    "Remark": "",
    "SysOrganizationID": "d0d08d50092141f8b5b39b5165ca4c29"
  },
  {
    "ExplanationId": "a5c02370b66a46b89414668438a8fdf1",
    "AnnouncementDate": "民國93年04月23日",
    "AnnouncementNo": "林治字第0931607180號",
    "Subject": "貴處函詢荔枝栽植於保安林區域內租地造林地，可否作為契約之造林樹種辦理續租案，復請查照。",
    "ExplanationContent": "&lt;p style=&#39;color: rgb(0, 0, 0); font-family: &quot;Microsoft JhengHei&quot;; font-size: medium; font-style: normal; font-variant-ligatures: normal; font-variant-caps: normal; font-weight: 400; letter-spacing: normal; orphans: 2; text-align: left; text-transform: none; white-space: normal; widows: 2; word-spacing: 0px; -webkit-text-stroke-width: 0px; background-color: rgb(255, 255, 255); text-decoration-thickness: initial; text-decoration-style: initial; text-decoration-color: initial; text-indent: -2em; margin-left: 2em;&#39;&gt;&lt;span style=&quot;font-family: Arial, Helvetica, sans-serif; letter-spacing: 1px; line-height: 19px;&quot;&gt;一、復貴處93年4月12日投治字第0934103845號函。&lt;/span&gt;&lt;/p&gt;&lt;p style=&#39;color: rgb(0, 0, 0); font-family: &quot;Microsoft JhengHei&quot;; font-size: medium; font-style: normal; font-variant-ligatures: normal; font-variant-caps: normal; font-weight: 400; letter-spacing: normal; orphans: 2; text-align: left; text-transform: none; white-space: normal; widows: 2; word-spacing: 0px; -webkit-text-stroke-width: 0px; background-color: rgb(255, 255, 255); text-decoration-thickness: initial; text-decoration-style: initial; text-decoration-color: initial; text-indent: -2em; margin-left: 2em;&#39;&gt;&lt;span style=&quot;line-height: 19px; font-family: Arial, Helvetica, sans-serif; letter-spacing: 1px;&quot;&gt;二、有關荔枝列為租地造林樹種之規定，前經本局76年3月4日林政字第06519號函核定列為租地造林樹種，並未限定保安林區域外栽植，為考量荔枝多採矮化經營，且多以經濟作物栽培，復於本局92年3月25日林造字第0921740074號函修正租地造林樹種表中，荔枝限於保安林區域外栽植。&lt;/span&gt;&lt;/p&gt;&lt;p style=&#39;color: rgb(0, 0, 0); font-family: &quot;Microsoft JhengHei&quot;; font-size: medium; font-style: normal; font-variant-ligatures: normal; font-variant-caps: normal; font-weight: 400; letter-spacing: normal; orphans: 2; text-align: left; text-transform: none; white-space: normal; widows: 2; word-spacing: 0px; -webkit-text-stroke-width: 0px; background-color: rgb(255, 255, 255); text-decoration-thickness: initial; text-decoration-style: initial; text-decoration-color: initial; text-indent: -2em; margin-left: 2em;&#39;&gt;&lt;span style=&quot;line-height: 19px; font-family: Arial, Helvetica, sans-serif; letter-spacing: 1px;&quot;&gt;三、因此本案位於保安林區域內租地造林地所種之荔枝，如確係於修正規定前栽植者，同意視同造林樹種，惟不得再有新植情事。&lt;/span&gt;&lt;/p&gt;",
    "Remark": "",
    "SysOrganizationID": "d0d08d50092141f8b5b39b5165ca4c29"
  },
  {
    "ExplanationId": "A8C04928D058467AAACD855269237B5D",
    "AnnouncementDate": "民國133年01月13日",
    "AnnouncementNo": "林造字第0991740080號",
    "Subject": "貴府函詢參加獎勵造林之農牧用地，發生法拍或所有權移轉，繼受土地之所有人不願繼續撫育造林，其林木得否准予自行處分疑義1案，復如說明，請查照。",
    "ExplanationContent": "&lt;p&gt;一、復貴府99年1月5日府農林字第0983048129號函。&amp;nbsp;&lt;/p&gt;&lt;p&gt;二、有關參與獎勵造林之土地發生所有權移轉，繼受土地之所有人不願繼續造林之處理方式，本局95年3月20日林造字第0951740380號函(影本如附)業已釋示在案。&amp;nbsp;&lt;/p&gt;&lt;p&gt;三、本案據報繼受土地之所有人未曾領取造林獎勵金，倘繼受土地之所有人於未達20年獎勵期限，即欲處分造林木，貴府自應向繼受前之原造林人請求返還造林獎勵金。至該獎勵造林之繼受人是否可自行處分林木乙節，鑑於農牧用地之土地尚不受森林法之拘束，貴府得考量該區位是否位於環境敏感地區及是否影響水土保持等原則，併依「林產物伐採查驗規則」之規定自行准駁。&lt;/p&gt;",
    "Remark": "",
    "SysOrganizationID": "d0d08d50092141f8b5b39b5165ca4c29"
  },
  {
    "ExplanationId": "af755ed8073e4d62a2feab0fe0f7a8cc",
    "AnnouncementDate": "民國110年07月09日",
    "AnnouncementNo": "test1111",
    "Subject": "test1111",
    "ExplanationContent": "&lt;p&gt;test1111&lt;/p&gt;\n",
    "Remark": "",
    "SysOrganizationID": "022832bda4294a7288d92602ce445f23"
  },
  {
    "ExplanationId": "B486BA6A417D4ECE89BF80D2B8501E13",
    "AnnouncementDate": "民國97年03月17日",
    "AnnouncementNo": "林治字第0971604694號",
    "Subject": "貴處函報瑞穗鄉公所申請解除編號2624號水源涵養保安林一部案，復請查照。",
    "ExplanationContent": "<p><strong>一、</strong>復貴處97年3月10日花治字第<u>0978220116號</u>函。</p><p><strong>二、</strong>保安林得由中央主管機關解除一部或全部。</p>",
    "Remark": "備註內容說明",
    "SysOrganizationID": "9b0f8386675e43a89d1a2f355103d5e4"
  },
  {
    "ExplanationId": "B8ECE6BAB2F04E7EA248443ECB493488",
    "AnnouncementDate": "民國131年03月10日",
    "AnnouncementNo": "農企字第0970112245號521測試0709",
    "Subject": "有關非都市土地國土保安用地之主管機關及工業區國土保安用地申請容許風力發電機組之審查標準一案，復如說明，請查照。",
    "ExplanationContent": "&lt;p&gt;一、復貴府96年12月26日府農育字第0960264738號函。二、查「非都市土地使用管制規則」第6條第3項附表一及第5項規定，國土保安用地容許設置「再生能源發電設施」，惟限於風力發電及太陽光電發電設施點狀使用，點狀使用面積不得超過660平方公尺，並需經目的事業主管機關、使用地主管機關及有關機關許可後，始得使用；而目的事業主管機關為辦理容許使用案件，得視實際需要，訂定審查作業要點。次依「非都市土地容許使用執行要點」第7點規定，目的事業主管機關受理申請許可使用案件後，應徵得使用地主管機關同意及加會各有關機關。準此，國土保安用地申請許可設置風力發電機組案件，目的事業主管機關﹝經濟部能源局﹞應依上開規定徵詢使用地主管機關﹝農業單位﹞及所涉及之各相關機關﹝例：位於工業區者為工業主管機關；經區域計畫委員會審議通過而劃設之國土保安用地者，為區域計畫擬定機關及事業計畫主管機關；‧‧‧﹞，確認符合各該法令規定後，始得核准設置。內政部97年3月5日內授中辦地字第0970042336號函﹝影本﹞復如附件1。三、依「農業發展條例施行細則」第2條規定，國土保安用地屬該條例第3條第10款所稱農業用地之範圍，因再生能源發電設施屬非農業使用性質，且依本會林務局96年4月23日林企字第0961710357號函示意旨，國土保安用地之管制應強於林業用地，故目的事業主管機關依上揭管制規則等有關法令徵詢農業單位﹝使用地主管機關﹞同意時，參依「農業主管機關同意農業用地變更使用審查作業要點」規定，應先就事業設置之必要性與計畫所提區位、面積等是否符合事業所需提供意見，方由貴府農業﹝含林業﹞主管機關依據農業發展條例第10條及森林法現有相關法令審查標準規定或內涵﹝不含程序規定﹞予以審查提供意見，俾供目的事業主管機關核處。如為保安林，須再依「保安林經營準則」及「保安林施業方法」之各類保安林施業規定辦理。四、另國土保安用地如屬經納入隔離綠帶或設施計算之土地，應由原興辦事業計畫或土地使用計畫主管機關管制其確依核定計畫供作隔離綠帶或設施使用；其有區位變更或使用更動情事者，應先報經目的事業主管機關徵求農業主管機關同意。本會90年3月9日﹝90﹞農企字第900109894號書函示有案，如附件2。&lt;/p&gt;\n",
    "Remark": "",
    "SysOrganizationID": "9b0f8386675e43a89d1a2f355103d5e4"
  },
  {
    "ExplanationId": "bba21ea29b3f49e58e31022b92d86c78",
    "AnnouncementDate": "民國66年04月14日",
    "AnnouncementNo": "農林務字第0990116844號",
    "Subject": "有關貴公所建議本會儘速檢討獎勵造林及林業經營政策，並加強塔曼山水土保持工作等情一案，復如說明，請查照。",
    "ExplanationContent": "&lt;p&gt;一、依據監察院99年3月12日(99)院台業貳字第0990703435號函辦理。&lt;/p&gt;\n\n&lt;p&gt;二、本會依據森林法第48條規定，為獎勵私人、原住民族或團體造林，於97年9月5日會同原住民族委員會訂定發布獎勵輔導造林辦法，不論獎勵輔導造林計畫(山坡地造林)或綠色造林計畫(平地造林)，造林獎勵金均為20年每公頃60萬元。惟考量平原農地係農民經常性耕作，賴以維生之經濟來源，且其土地使用多元化，機會成本較高，爰另行比照農糧署發給休耕直接給付每年每公頃9萬元，20年每公頃核發180萬元，合計240萬元，故衍生外界誤認為參與平地造林計畫之造林獎勵金較高。&lt;/p&gt;\n",
    "Remark": "",
    "SysOrganizationID": "                                "
  },
  {
    "ExplanationId": "c08566bb070546c89d4d0942d6271470",
    "AnnouncementDate": "民國110年09月16日",
    "AnnouncementNo": "NO2",
    "Subject": "釋函NO2",
    "ExplanationContent": "&lt;p&gt;釋函NO2&lt;/p&gt;\n",
    "Remark": "",
    "SysOrganizationID": "9b0f8386675e43a89d1a2f355103d5e4"
  },
  {
    "ExplanationId": "c2a3d1305e854583889307cbd83c4423",
    "AnnouncementDate": "民國73年11月29日",
    "AnnouncementNo": "內政部七十三年十一月二十九日台（七三）內地字第二六六六六一號函",
    "Subject": "非都市土地使用編定後因禁建期滿尚未依法發布實施特定區計畫等應如何管制事宜",
    "ExplanationContent": "&lt;p&gt;一、略（業經內政部七十六年十二月十四日台（七六）內地字第五五&amp;Omicron;九三五號函變更）。&lt;br /&gt;\n二、依區域計畫法施行細則第十三條規定，非都市土地係指都市土地以外之土地，即「已公布都市計畫及依都市計畫法第八十一條規定為新訂都市計畫或擴大都市計畫，而先行劃定計畫地區範圍，實施禁建之土地」以外之土地，已辦理非都市土地使用分區編定地區，雖經禁建期滿而尚未依法公布都市計畫者，因屬上開細則第十三條所稱之非都市土地，其使用管制或變更編定應依&lt;strong&gt;&amp;nbsp;非都市土地使用管制規則&amp;nbsp;&lt;/strong&gt;規定辦理。&lt;br /&gt;\n三、已辦理非都市土地使用分區編定地區，因新訂都市計畫或擴大都市計畫而先行劃定計畫地區範圍，實施禁建之土地，為期土地使用管制及建築管理能互相配合，應請都市計畫主管機關將禁建範圍圖送地政機關，俾使地政機關於受理人民申請變更編定案件參考。至禁建範圍發生疑義時，應由有關單位派員會同實地勘查。&lt;br /&gt;\n四、都市計畫依法公布後，該範圍內土地係屬都市土地，不適用&lt;strong&gt;&amp;nbsp;非都市土地使用管制規則&amp;nbsp;&lt;/strong&gt;規定，應請都市計畫主管機關檢具有關圖冊送地政機關，俾據以將土地登記簿標示部所載非都市土地編定使用種類辦理註銷.。&lt;/p&gt;\n",
    "Remark": "",
    "SysOrganizationID": "022832bda4294a7288d92602ce445f23"
  },
  {
    "ExplanationId": "c6107fc245d14e8e8819b553f3ee9602",
    "AnnouncementDate": "民國102年10月30日",
    "AnnouncementNo": "地政機關配合農業用地興建農舍辦法第12條",
    "Subject": "地政機關配合農業用地興建農舍辦法第12條規定辦理註記登記之處理方式",
    "ExplanationContent": "&lt;p&gt;一、地政機關配合農業用地興建農舍辦法（以下簡稱本辦法）第12條規定辦理註記登記之處理方式：&lt;br /&gt;\n(一)直轄市、縣（市）主管建築機關於核發建造執照後，應造具農舍坐落之地號及提供興建農舍之所有地號清冊函送土地所在之地政機關辦理註記登記；清冊格式如附件1。&lt;br /&gt;\n(二)有關登記簿註記方式如下：&lt;br /&gt;\n１、農舍坐落地號：&lt;br /&gt;\n於土地登記簿標示部其他登記事項欄登打代碼「９P」，資料內容為「未經解除套繪管制不得辦理分割」；及登打代碼「AW」，資料內容為「已興建農舍，建造執照核發日期：」，登錄內容為「○○年○○月○○日」。&lt;br /&gt;\n２、提供興建之地號：&lt;br /&gt;\n於土地登記簿標示部其他登記事項欄登打代碼「９P」，資料內容為「未經解除套繪管制不得辦理分割」；及登打代碼「AX」，資料內容為「已提供興建集村農舍，基地坐落：」，登錄內容為「○○鄉（鎮、市、區）○○段（小段）○○地號」。&lt;br /&gt;\n(三)本辦法第12條第2項增列已申請興建農舍之農業用地，未經申請解除套繪不得辦理分割之規定，係針對已興建農舍之農業用地所為之管制事項，故不論於89年農業發展條例修正前或修正後取得農業用地，申請興建農舍時點在本辦法102年7月3日修正生效前、後，均應適用本辦法第12條第2項之規定。後續處理方式如下：&lt;br /&gt;\n１、直轄市、縣（市）主管建築機關應加速清查已核准興建農舍之農業用地，並造具清冊囑託地政機關依上開方式辦理註記登記，以利地政機關後續之管制；地政機關受理申請農地分割，該地未經清查囑託註記時，由申請人檢附主管建築機關核發之無套繪管制相關文件，未檢附者，地政機關應函洽主管建築機關釐清無套繪管制後辦理。&lt;br /&gt;\n２、為落實農業發展條例第18條第2項自有農業用地興建農舍滿5年始得移轉之規定，不論89年農業發展條例修正後取得農業用地興建農舍或本辦法102年7月3日修正生效後核發建造執照者，各直轄市、縣（市）主管建築機關於核發使用執照後，均應造具清冊(格式如附件2)，將農舍坐落之地號及提供興建農舍之所有地號清冊函送地政機關於土地登記簿標示部其他登記事項欄，以代碼「9L」，資料內容為「農業發展條例民國89年修正後興建農舍，使用執照核發日期：」登錄內容為「○○年○○月○○日」辦理註記，俾利後續管制事宜。&lt;br /&gt;\n３、土地標示因分割、合併、重測、重劃等致清冊所載 地號、面積與使用執照記載不符，應還請囑託登記之主管建築機關查明，主管建築機關認有必要時，得洽請地政機關協助釐清後再據以囑託註記。&lt;br /&gt;\n二、各直轄市、縣（市）主管建築機關對於農業用地經申請興建農舍並套繪管制者，應於經解除套繪管制或農舍核准拆除後，確實將農舍坐落之地號、提供興建農舍之所有地號及解除套繪管制之所有地號清冊，囑託地政機關塗銷上開註記登記。&lt;br /&gt;\n三、本部原配合修正前之本辦法第9條規定辦理註記及執行事宜所為之90年10月12日台內中地字第083467號令廢止，及95年10月18日內授中辦地字第0950725313號、95年11月10日內授中辦地字第0950726305號、95年11月27日內授中辦地字第0950726338號等函規定停止適用。&lt;/p&gt;\n",
    "Remark": "",
    "SysOrganizationID": "edb5d89f446a416ca755b0af5bd4b091"
  },
  {
    "ExplanationId": "dc9de2f70e504c29b133f6830dd15a8e",
    "AnnouncementDate": "民國110年07月09日",
    "AnnouncementNo": "test111207/09",
    "Subject": "test1112",
    "ExplanationContent": "&lt;p&gt;test1112&lt;/p&gt;\n",
    "Remark": "test1112",
    "SysOrganizationID": "022832bda4294a7288d92602ce445f23"
  },
  {
    "ExplanationId": "e3b5b223fc394a3aadaf4959e404348c",
    "AnnouncementDate": "民國110年05月13日",
    "AnnouncementNo": "台內地字第1100262594號令",
    "Subject": "捷克人得在我國取得或設定農業用地以外之土地權利",
    "ExplanationContent": "&lt;p&gt;修正本部九十八年九月七日台內地字第０九八０一六一一０八號令，有關捷克（Czech Republic）人在我國取得或設定土地權利案。?據駐捷克代表處查復資料，目前捷克國內法除針對外國人取得農用地設限外，我國人民原則可在捷克境內享有等同捷克公民之購地權利，無特別限制或需取得許可情事。基於土地法第十八條平等互惠原則之規定，修正為捷克（Czech Republic）人得在我國取得或設定農業用地以外之土地權利。&lt;/p&gt;\n",
    "Remark": "",
    "SysOrganizationID": "9b0f8386675e43a89d1a2f355103d5e4"
  },
  {
    "ExplanationId": "e79a7b1bdd8a4c57afcecd4ac2662562",
    "AnnouncementDate": "民國100年10月17日",
    "AnnouncementNo": "林造字第1001620990號",
    "Subject": "有關非都市土地之山坡地申請「臨時工廠登記」，是否需繳納「山坡地開發利用回饋金」案，復如說明，請 查照。",
    "ExplanationContent": "&lt;p&gt;一、復貴辦公室100年10月11日經中一字第10000031030號函。&lt;/p&gt;\n\n&lt;p&gt;二、依森林法第48條之1規定，山坡地開發利用者應繳交回饋金，作為造林基金來源之一。另依山坡地開發利用回饋金繳交辦法(以下簡稱本辦法)第4條規定，山坡地開發利用回饋金之繳交義務人，為擬具水土保持計畫或簡易水土保持申報書之水土保持義務人。本案倘須擬具水土保持計畫或簡易水土保持申報書，且無本辦法第8條各款免繳交回饋金情形者，依規應繳交山坡地開發利用回饋金。&lt;/p&gt;\n",
    "Remark": "",
    "SysOrganizationID": "                                "
  },
  {
    "ExplanationId": "f053ffaef75344f19d901254c925c226",
    "AnnouncementDate": "民國95年10月08日",
    "AnnouncementNo": "林企字第0951710918號",
    "Subject": "有關貴府函詢都市計畫區保護區﹝地目林﹞國有土地，是否屬森林法施行細則第3條規定之「林地」案，復如說明，請查照。",
    "ExplanationContent": "&lt;p&gt;一、奉農委會交下貴府95年11月3日府農林字第0950137621號函辦理。&lt;/p&gt;\n\n&lt;p&gt;二、森林法施行細則第3條對林地之範圍規定以：「‧‧‧二、非都市土地範圍內未劃定使用分區及都市計畫保護區、風景區、農業區內，經該直轄市、縣﹝市﹞主管機關認定為林地之土地‧‧‧」，故是否為林地之認定應請貴府秉地方情形審酌辦理。&lt;/p&gt;\n\n&lt;p&gt;三、有關貴府所提依森林法施行細則第8條規定辦理撥用時是否應核發核准書件乙節，如該用地經貴府認定係屬「林地」時，則必須依該細則第8條規定由管理經營機關填具申請書並檢附有關證件，函送本局同意後辦理出租、讓與或撥用。&lt;/p&gt;\n",
    "Remark": "",
    "SysOrganizationID": "9b0f8386675e43a89d1a2f355103d5e4"
  }
]