[
  {
    "HistoryId": "9C2BD93572C746B29BFD593EF5C34642",
    "HistoryContent": "&lt;p style=&quot;text-align: left;&quot;&gt;1.中華民國二十一年九月十五日國民政府制定公布&lt;u&gt;全文 77 條&lt;/u&gt;&lt;/p&gt;&lt;p style=&quot;text-align: left;&quot;&gt;2.中華民國二十六年二月十三日國民政府修正公布&lt;u&gt;第 9、18條條文&lt;/u&gt;&lt;/p&gt;&lt;p style=&quot;text-align: left;&quot;&gt;3.中華民國三十四年二月六日國民政府修正公布&lt;u&gt;全文 57 條&lt;/u&gt;&lt;/p&gt;&lt;p style=&quot;text-align: left;&quot;&gt;4.中華民國六十一年五月二十七日總統修正公布&lt;u&gt;第 49 條條文&lt;/u&gt;&lt;/p&gt;&lt;p style=&quot;text-align: left;&quot;&gt;5.中華民國七十四年十二月十三日總統（74）華總（一）義字第 6227 號令修正公布&lt;u&gt;全文 58 條&lt;/u&gt;&lt;/p&gt;&lt;p style=&quot;text-align: left;&quot;&gt;6.中華民國八十七年五月二十七日總統（87）華總（一）義字第8700104490 號令修正公布第 15、17、44、45、47、51、53～56 條條文；並增訂&lt;u&gt;第48-1、56-1～56-4條條文&lt;/u&gt;&lt;/p&gt;&lt;p style=&quot;text-align: left;&quot;&gt;7.中華民國八十九年十一月十五日總統（89）華總一義字第 8900275050號令修正公布&lt;u&gt;第 2、12、26、29、48條條文&lt;/u&gt;&lt;/p&gt;&lt;p style=&quot;text-align: left;&quot;&gt;8.中華民國九十三年一月二十日總統華總一義字第 09300008131 號令修正公布第 6、7、15、25、34、48、56-2、56-3 條條文；增訂第&lt;u&gt;17-1、38-1條條文&lt;/u&gt;&lt;/p&gt;"
  },
  {
    "HistoryId": "51044578a12c47b0ac95660a6e4b3173",
    "HistoryContent": "&lt;p&gt;1.中華民國二十一年九月十五日國民政府制定公布全文 77 條。&lt;/p&gt;\n\n&lt;p&gt;2.中華民國二十六年二月十三日國民政府修正公布第 9、18條條文。&lt;/p&gt;\n\n&lt;p&gt;3.中華民國三十四年二月六日國民政府修正公布全文 57 條。&lt;/p&gt;\n"
  },
  {
    "HistoryId": "0e72bd3c8b5545678bb33f6e36ddabba",
    "HistoryContent": "&lt;p&gt;&amp;nbsp;&lt;/p&gt;\n\n&lt;p&gt;1.中華民國九十五年一月六日行政院農業委員會農林務字第 0941701556&lt;br /&gt;\n號令訂定發布全文 11 條；並自發布日施行。&lt;/p&gt;\n\n&lt;p&gt;2.中華民國一百零六年十月二十六日行政院農業委員會農林務字第 10617&lt;br /&gt;\n02245 號令修正發布全文 12 條；並自發布日施行。&lt;/p&gt;\n"
  },
  {
    "HistoryId": "0d78fda744214370ab95fa0311a4cb76",
    "HistoryContent": "&lt;p&gt;1.更新&lt;/p&gt;\n\n&lt;p&gt;2.頒布&lt;/p&gt;\n\n&lt;p&gt;3.測試 android&amp;nbsp;APP&amp;nbsp; version&lt;/p&gt;\n\n&lt;p&gt;4.測試法規刪除&lt;/p&gt;\n\n&lt;p&gt;5.測試 IOS APP&amp;nbsp; version12313&lt;/p&gt;\n"
  },
  {
    "HistoryId": "1adad35d80a847ea8c282aa1356dee04",
    "HistoryContent": "&lt;p&gt;測試&amp;nbsp; 123&lt;/p&gt;\n\n&lt;p&gt;1.測試APP Download 時機&lt;/p&gt;\n\n&lt;p&gt;2.測試APP Download 時機2&lt;/p&gt;\n"
  },
  {
    "HistoryId": "20a7d58fbeae4fc081c17f72bd6794f9",
    "HistoryContent": "&lt;p&gt;1.中華民國二十一年九月十五日國民政府制定公布&lt;u&gt;全文 77 條。&lt;/u&gt;&lt;/p&gt;&lt;p&gt;2.中華民國二十六年二月十三日國民政府修正公布&lt;u&gt;第 9、18條條文。&lt;/u&gt;&lt;/p&gt;&lt;p&gt;3.中華民國三十四年二月六日國民政府修正公布&lt;u&gt;全文 57 條。&lt;/u&gt;&lt;/p&gt;"
  },
  {
    "HistoryId": "0ff1fa6be96b4769a063918c1a9b4cc4",
    "HistoryContent": "&lt;p&gt;總統五十八年一月二十七日令公布&lt;/p&gt;\n\n&lt;p&gt;總統六十年五月五日六十臺統(一)義字第八一○號令修正公布&lt;/p&gt;\n\n&lt;p&gt;總統六十四年一月十七日六四臺統(一)義字第○二八三號令修正公布&lt;/p&gt;\n\n&lt;p&gt;總統七十年一月十二日七十臺統(一)義字第○一八二號令修正公布&lt;/p&gt;\n\n&lt;p&gt;總統八十一年四月六日八一華總(一)義字第一七八三號令修正公布&lt;/p&gt;\n\n&lt;p&gt;總統八十九年一月十二日華總(一)義字第八九○○○○二二六○號令修正公布（修正第四十二條、第四十三條、第四十六條、第四十七條、第四十九條、第五十二條、第五十八條，增訂第五十二條之一、第五十二條之二）&lt;/p&gt;\n\n&lt;p&gt;總統九十一年四月二十四日華總(一)義字第○九一○○○七五六四○號令修正公布（修正第五十條、第五十一條）&lt;/p&gt;\n\n&lt;p&gt;總統九十二年二月六日華總一義字第○九二○○○一七七二○號令修正公布（修正第五十二條之二）&lt;/p&gt;\n\n&lt;p&gt;總統一百零一年一月四日華總一義字第一○○○○二九七四三一號令修正公布（修正第三十三條、第三十九條、第五十三條）&lt;/p&gt;\n\n&lt;p&gt;總統一百零七年十一月二十一日華總一經字第一○七○○一二五三九一號令修正公布（修正第三十四條）&lt;/p&gt;\n\n&lt;p&gt;中華民國一百零一年十二月二十五日行政院院臺規揆字第1010154558號公告本法相關條文所列屬財政部┌國有財產局┘之權責事項，自一百零二年一月一日起改由財政部┌國有財產署┘管轄&lt;/p&gt;\n"
  },
  {
    "HistoryId": "bb23f801f53549a59e176a1db86a79e0",
    "HistoryContent": "&lt;p&gt;行政院五十九年三月二十七日臺五十九財字第二五八五號令公布&lt;/p&gt;\n\n&lt;p&gt;行政院六十四年四月三十日臺六十四財字第三一三六號函修正公布　　&lt;/p&gt;\n\n&lt;p&gt;行政院七十年九月十四日臺七十財字第一三一三三號函修正發布&lt;/p&gt;\n\n&lt;p&gt;行政院七十二年二月二十八日臺七十二財字第三六○三號函修正發布　&lt;/p&gt;\n\n&lt;p&gt;行政院八十九年十一月十五日臺八十九財字第三二四七八號令修正發布&lt;/p&gt;\n\n&lt;p&gt;行政院九十六年三月二日院臺財字第○九六○○○五七八三號令修正發布&lt;/p&gt;\n\n&lt;p&gt;行政院九十九年七月二十三日院臺財字第○九九○○三二二三五號令修正發布施行&lt;/p&gt;\n\n&lt;p&gt;中華民國一百零一年十二月二十五日行政院院臺規揆字第1010154558號公告本法相關條文所列屬財政部┌國有財產局┘之權責事項，自一百零二年一月一日起改由財政部┌國有財產署┘管轄&lt;/p&gt;\n"
  },
  {
    "HistoryId": "70de037810f74c94953ecbb2ad3695a3",
    "HistoryContent": "&lt;p&gt;&lt;span style=&quot;color:#c0392b&quot;&gt;10. 中華民國九十二年七月二十九日內政部內授中辦地字第 0920083817號令修正發布第 5、6、34、40、41、44、51、101、106、119、130、137、146、155 條條文；並刪除第 76 條條文中華民國九十二年七月二十九日內政部內授中辦地字第 0920083818-4 號函發布定自九十二年九月一日施行&lt;/span&gt;&lt;/p&gt;\n\n&lt;p&gt;歷史條文&amp;nbsp;　 　&lt;/p&gt;\n\n&lt;p&gt;9.中華民國九十年九月十四日內政部（90）台內中地字第 9083411 號令修正發布全文 157 條；並自九十年十一月一日施行　 　 　&lt;/p&gt;\n\n&lt;p&gt;8.中華民國八十八年六月二十九日內政部（88）台內地字第 8889882 號令修正發布第 15、20、24、70 條條文；並自八十八年七月一日起施行　 　 　&lt;/p&gt;\n\n&lt;p&gt;7.中華民國八十四年七月十二日內政部（84）台內地字第 8477506 號令修正發布；同年七月二十六日（84）台內地字第 8481117 號令定自中華民國八十四年九月一日施行　 　 　&lt;/p&gt;\n\n&lt;p&gt;6.中華民國八十年十一月二十九日內政部（80）台內地字第 8076385 號令修正發布第 37 條條文　 　 　&lt;/p&gt;\n\n&lt;p&gt;5.中華民國七十九年六月二十九日內政部（79）台內地字第 811035 號令修正發布第 6、13、20、22、23、45、62、63、120、123、第四章名稱、134、140 條條文；增訂第 5-1、133-1、134-1 條條文；並刪除第12-1、138 條條文　 　 　&lt;/p&gt;\n\n&lt;p&gt;4.中華民國七十五年五月十六日內政部（75）台內地字第 398891 號令增訂發布第 12-1 條條文　 　 　&lt;/p&gt;\n\n&lt;p&gt;3.中華民國六十九年一月二十三日內政部（69）台內地字第 55983 號令修正發布；並自中華民國六十九年三月一日施行　 　 　&lt;/p&gt;\n\n&lt;p&gt;2.中華民國六十七年一月十二日內政部（67）台內地字第 779343 號令修正發布第 28、33、34 條條文　 　 　&lt;/p&gt;\n\n&lt;p&gt;1.中華民國三十五年十月二日地政署訂定發布全文 109 條&lt;/p&gt;\n"
  },
  {
    "HistoryId": "102e2cce1f9d41a19e50c64878da4bf7",
    "HistoryContent": "&lt;p&gt;220210916&lt;/p&gt;\n\n&lt;p&gt;1.中華民國九十年十一月十四日總統（90）華總一義字第 9000223510 號&lt;br /&gt;\n令制定公布全文 17 條&lt;br /&gt;\n中華民國九十一年一月十六日行政院（91）院臺經字第 0910080314 號&lt;br /&gt;\n令發布自九十一年四月一日施行220210915&lt;/p&gt;\n"
  },
  {
    "HistoryId": "1124841a6169473083a2d05447e4bffb",
    "HistoryContent": "&lt;p&gt;&amp;nbsp;&lt;/p&gt;\n\n&lt;p&gt;1.中華民國六十五年三月三十日內政部（65）台內地字第 678450 號令訂定發布全文 8 條0111&lt;/p&gt;\n\n&lt;p&gt;2.中華民國六十五年十一月二十六日內政部（65）台內地字第 712318 號令修正發布全文 10 條&lt;/p&gt;\n\n&lt;p&gt;3.中華民國六十八年二月五日內政部（68）台內地字第 820944 號令修正發布第 8、9 條條文&lt;/p&gt;\n\n&lt;p&gt;4.中華民國七十年四月二十二日內政部（70）台內地字第 17367 號修正發布第 4 條條文&lt;/p&gt;\n\n&lt;p&gt;5.中華民國七十三年十一月五日內政部（73）台內地字第 266726 令修正發布第 5 條條文&lt;/p&gt;\n\n&lt;p&gt;6.中華民國七十七年六月二十九日內政部（77）台內地字第 608840 號令修正發布第 4、7、10、11 條條文及附表一之各種使用地容許使用項目表&lt;/p&gt;\n\n&lt;p&gt;7.中華民國七十八年七月七日內政部（78）台內地字第 709692 號令修正發布第 2、4、7、9 條條文&lt;/p&gt;\n\n&lt;p&gt;8.中華民國八十年三月六日內政部（80）台內地字第 907023 號令修正發布全文 32 條&lt;/p&gt;\n\n&lt;p&gt;9.中華民國八十二年十一月五日內政部（82）台內地字第 8286866 號令修正發布第 9、12、13、18、20、21 條條文；增訂發布第 18-1、21-1、21-2 條條文；並刪除第 14 條條文&lt;/p&gt;\n\n&lt;p&gt;10. 中華民國八十三年六月一日內政部（83）台內地字第 8375622 號令修正發布第 9 條條文；並增訂第 31-1 條條文&lt;/p&gt;\n\n&lt;p&gt;11. 中華民國八十五年五月二十三日內政部（85）台內地字第 8574962號令修正發布全文 36 條&lt;/p&gt;\n\n&lt;p&gt;12. 中華民國八十七年一月七日內政部（87）台內地字第 8776145 號令修正發布第 9 條條文&lt;/p&gt;\n\n&lt;p&gt;13. 中華民國八十八年六月二十九日內政部（88）台內地字第 8886119號令修正發布第 6、10、18、23、29、30、34 條條文&lt;/p&gt;\n\n&lt;p&gt;14. 中華民國九十年三月二十六日內政部（90）台內中地字第 9081105號令修正發布全文 59 條；並自發布日起實施&lt;/p&gt;\n\n&lt;p&gt;15. 中華民國九十一年五月三十一日內政部台內中地字第 0910084243 號令修正發布第 6、19、25、28、35、45、48、49 條條文；並增訂第35-1 條條文&lt;/p&gt;\n\n&lt;p&gt;16. 中華民國九十二年三月二十六日內政部內授中辦地字第 0920082365號令修正發布第 6、23、26、28、30、31、33、53 條條文；增訂第6-1、8-1、44-1、49-1、52-1 條條文；並刪除第 49、52 條條文&lt;/p&gt;\n\n&lt;p&gt;17. 中華民國九十三年三月五日內政部內授中辦地字第 0930723833 號令修正發布第 6、9、22、28、49-1 條條文&lt;/p&gt;\n\n&lt;p&gt;18. 中華民國九十三年六月十五日內政部內授中辦地字第 0930724421 號令修正發布第 44、45、52-1 條條文&lt;/p&gt;\n\n&lt;p&gt;19. 中華民國九十四年十二月十六日內政部內授中辦地字第 09407297271號令修正發布第 35-1 條條文&lt;/p&gt;\n\n&lt;p&gt;20. 中華民國九十七年九月五日內政部內授中辦地字第 0970724018 號令修正發布第 9 條條文及第 6 條條文之附表一&lt;/p&gt;\n\n&lt;p&gt;21. 中華民國九十八年三月十八日內政部內授中辦地字第 0980723903 號令修正發布第 35、35-1 條條文&lt;/p&gt;\n\n&lt;p&gt;22. 中華民國九十八年八月二十日內政部內授中辦地字第 0980725264 號令修正發布第 52-1 條條文；並增訂第 42-1 條條文&lt;/p&gt;\n\n&lt;p&gt;23. 中華民國九十九年四月二十八日內政部內授中辦地字第 0990724133號令修正發布第 1、6、11、13、14、15、16、20、21、22、23、48、49-1、52-1 條條文、第 17 條條文之附表二、附表二－一；增訂第 14-1、22-1 條條文；並刪除第 24、25 條條文&lt;/p&gt;\n\n&lt;p&gt;24. 中華民國一百年五月二日內政部內授中辦地字第 1000724370 號令修正發布第 35、35-1 條條文及第 6 條之附表一中華民國一百零一年五月十五日行政院院臺規字第 1010131134 號公告第 9 條第 4 項第 4 款所列屬「行政院文化建設委員會」之權責事項，自一百零一年五月二十日起改由「文化部」管轄&lt;/p&gt;\n\n&lt;p&gt;25. 中華民國一百零二年九月十九日內政部內授中辦地字第 1026651596號令修正發布第 9～11、13、14、17、21、22、23、28、31、35、35-1、40、42-1、44、45、46、48、52-1 條條文及第 6 條附表一、、第 17 條附表二、附表二之一、第 27 條附表三、第 28 條附表四；增訂第 22-2、23-1、30-1～30-3、44-2 條條文；並刪除第 38～39、44-1 條條文&lt;/p&gt;\n\n&lt;p&gt;26. 中華民國一百零三年十二月三十一日內政部內授中辦地字第 1031303711 號令修正發布第 2、3、9、17、30-1～30-3、43、49-1、52-1、56 條條文及第 6 條條文之附表一、第 27 條條文之附表三；增訂&lt;br /&gt;\n第 30-4、31-1、31-2 條條文；並刪除第 44-2 條條文&lt;/p&gt;\n\n&lt;p&gt;27. 中華民國一百零四年十二月三十一日內政部內授中辦地字第 1041311398 號令修正發布第 6、35 條條文及第 27 條附表三；並增訂第6-2、6-3 條條文&lt;/p&gt;\n\n&lt;p&gt;28. 中華民國一百零五年十一月二十八日內政部內授中辦地字第 1051308935 號令修正發布第 6-3、9、11、13、16、21、22～23-1、26、31-1、31-2、35、37、49-1、56 條條文及第 6 條附表一、第 6-1 條附表五、第 17 條附表二、二之一、第 28 條附表四；並增訂第 16-1、21-1、23-2 條條文&lt;/p&gt;\n\n&lt;p&gt;29. 中華民國一百零七年三月十九日內政部內授中辦地字第 1071301740&lt;br /&gt;\n號令修正發布第 6、26、29、30、30-1 條條文；增訂第 30-5 條條文；並刪除第 56 條條文&lt;/p&gt;\n\n&lt;p&gt;30. 中華民國一百零七年八月十四日內政部內授中辦地字第 1071304838號令修正發布第 6 條附表一&lt;/p&gt;\n\n&lt;p&gt;31. 中華民國一百零八年二月十四日內政部內授中辦地字第 1080260590號令修正發布第 35、52-1 條條文及第 6 條附表一；並增訂第 46-1 條條文&lt;/p&gt;\n\n&lt;p&gt;32. 中華民國一百零八年五月三十日內政部台內地字第 1080262814 號令增訂發布第 9-1 條條文&lt;/p&gt;\n\n&lt;p&gt;33. 中華民國一百零八年九月十九日內政部台內地字第 1080264995 號令增訂發布第 23-3、30-6 條條文&lt;/p&gt;\n\n&lt;p&gt;34. 中華民國一百零九年三月三十日內政部台內地字第 1090261617 號令修正發布第 9-1 條條文1&lt;/p&gt;\n"
  },
  {
    "HistoryId": "ffcb0b7ef74246cdaa1e580da140e204",
    "HistoryContent": "&lt;p&gt;1.中華民國&amp;nbsp;103&amp;nbsp;年&amp;nbsp;1&amp;nbsp;月&amp;nbsp;29&amp;nbsp;日內政部台內戶字第1030085300號令訂定發布&lt;br /&gt;\n2.中華民國&amp;nbsp;105&amp;nbsp;年&amp;nbsp;3&amp;nbsp;月&amp;nbsp;22&amp;nbsp;日內政部台內戶字第1051201288號令修正發布&lt;/p&gt;\n"
  },
  {
    "HistoryId": "a8e947e5718041fb83f46cdddff0e054",
    "HistoryContent": "&lt;p&gt;7.中華民國八十九年十一月八日總統（89）華總一義字第 8900270280 號&lt;br /&gt;\n令修正公布第 4、5 條條文&lt;/p&gt;\n\n&lt;p&gt;　 　 　&lt;/p&gt;\n\n&lt;p&gt;6.中華民國七十六年十二月三十日總統（76）華總（一）義字第 4236 號&lt;br /&gt;\n令修正公布第 2 條條文&lt;/p&gt;\n\n&lt;p&gt;　 　 　&lt;/p&gt;\n\n&lt;p&gt;5.中華民國六十六年七月二十三日總統修正公布第 2、5～7 條條文&lt;/p&gt;\n\n&lt;p&gt;　 　 　&lt;/p&gt;\n\n&lt;p&gt;4.中華民國六十二年一月十六日總統（62）台統（一）義字第 0232 號令&lt;br /&gt;\n修正公布第 3 條條文&lt;/p&gt;\n\n&lt;p&gt;　 　 　&lt;/p&gt;\n\n&lt;p&gt;3.中華民國六十年一月三十日總統（60）台統（一）義字第 806 號令修&lt;br /&gt;\n正公布名稱及全文 20 條&lt;/p&gt;\n\n&lt;p&gt;　 　 　&lt;/p&gt;\n\n&lt;p&gt;2.中華民國五十一年四月七日總統修正公布&lt;/p&gt;\n\n&lt;p&gt;　 　 　&lt;/p&gt;\n\n&lt;p&gt;1.中華民國三十三年八月十九日國民政府制定公布全文 8 條&lt;/p&gt;\n"
  },
  {
    "HistoryId": "18a3734f554a4af1910cf6d3758e7827",
    "HistoryContent": "&lt;p&gt;5.中華民國一百零四年九月四日內政部台內營字第 1040813558 號令、行政院農業委員會農水保字第 1041816006 號令會銜修正發布第 2 條條文；並增訂第 3-1 條條文&lt;/p&gt;\n\n&lt;p&gt;歷史條文&amp;nbsp;　 　&lt;/p&gt;\n\n&lt;p&gt;4.中華民國一百零二年七月一日內政部台內營字第 1020805247 號令、行政院農業委員會農水保字第 1021865656 號令會銜修正發布全文 17 條；並自發布日施行&lt;/p&gt;\n\n&lt;p&gt;歷史條文&amp;nbsp;　 　&lt;/p&gt;\n\n&lt;p&gt;3.中華民國九十三年六月十六日內政部台內營字第 0930083788 號令、行政院農業委員會農授水保字第 0931848628 號令會銜修正發布第 6、8條條文&lt;/p&gt;\n\n&lt;p&gt;歷史條文&amp;nbsp;　 　&lt;/p&gt;\n\n&lt;p&gt;2.中華民國九十二年一月三日內政部臺內營字第 0910087422 號令、行政院農業委員會農輔字第 0910051253 號令會銜修正發布第 3 條條文&lt;/p&gt;\n\n&lt;p&gt;歷史條文&amp;nbsp;　 　&lt;/p&gt;\n\n&lt;p&gt;1.中華民國九十年四月二十六日內政部（90）台內營字第 9083054 號令、行政院農業委員會（90）農輔字第 900116718 號令會銜訂定發布全文 12 條；並自發布日起施行&lt;/p&gt;\n"
  },
  {
    "HistoryId": "88713f1eb0694c16bc216c92afe0ee02",
    "HistoryContent": "&lt;p&gt;09170917&lt;/p&gt;\n"
  }
]