[
  {
    "LazyExplanationId": "8533CEDEC9194B1CAE68BFA0B82AA74A",
    "LazyId": "5069A13B95974606ABD5D680B3004079",
    "ExplanationId": "74B06ECB8EB0488BA844BDFF8B5B2364",
    "AnnouncementDate": "民國95年04月04日",
    "AnnouncementNo": "林造字第0951606371號",
    "Subject": "有關獎勵造林土地發生所有權移轉，繼受人如須處分地上林木，必須依森林法第45條及林產物伐採查驗規則之規定申請，並經貴府許可始得辦理，請查照。",
    "ExplanationContent": "<p>一、依據貴府95年3月30日府農林字第0950033012號函副本辦理。</p>\r\n<p>二、依據森林法第45條及林產物伐採查驗規則之規定，凡伐採林產物，應經主管機關許可並經查驗，始得運銷。</p>\r\n\r\n<p>三、本案原申請獎勵造林人參加政府推行之獎勵造林政策，既已領取獎勵金有案，該造林地已屬林產物伐採查驗規則第2條，以營林為目的之私有林。</p>\r\n<p>四、本案貴府致函○○○君說明三所敘:「請於造林木砍伐後通知本府」，核有未洽，請予改正。並請速通知土地所有權人伐採林產物應經申請，並經貴府許可始得伐採。</p>\r\n",
    "Remark": null,
    "RegulationTypeName": "基本法規,森林企劃類"
  },
  {
    "LazyExplanationId": "53E7172F1BC041A8A56E45295A8F2A8C",
    "LazyId": "5069A13B95974606ABD5D680B3004079",
    "ExplanationId": "7717E86148C3439BB6FD5BB13252DEAE",
    "AnnouncementDate": "民國131年03月13日",
    "AnnouncementNo": "農企字第0970112247號",
    "Subject": "有關非都市土地國土保安用地之主管機關及工業區國土保安用地申請容許風力發電機組之審查標準一案，復如說明，請查照。",
    "ExplanationContent": "&lt;p&gt;一、復貴府96年12月26日府農育字第0960264738號函。二、查「非都市土地使用管制規則」第6條第3項附表一及第5項規定，國土保安用地容許設置「再生能源發電設施」，惟限於風力發電及太陽光電發電設施點狀使用，點狀使用面積不得超過660平方公尺，並需經目的事業主管機關、使用地主管機關及有關機關許可後，始得使用；而目的事業主管機關為辦理容許使用案件，得視實際需要，訂定審查作業要點。次依「非都市土地容許使用執行要點」第7點規定，目的事業主管機關受理申請許可使用案件後，應徵得使用地主管機關同意及加會各有關機關。準此，國土保安用地申請許可設置風力發電機組案件，目的事業主管機關﹝經濟部能源局﹞應依上開規定徵詢使用地主管機關﹝農業單位﹞及所涉及之各相關機關﹝例：位於工業區者為工業主管機關；經區域計畫委員會審議通過而劃設之國土保安用地者，為區域計畫擬定機關及事業計畫主管機關；‧‧‧﹞，確認符合各該法令規定後，始得核准設置。內政部97年3月5日內授中辦地字第0970042336號函﹝影本﹞復如附件1。三、依「農業發展條例施行細則」第2條規定，國土保安用地屬該條例第3條第10款所稱農業用地之範圍，因再生能源發電設施屬非農業使用性質，且依本會林務局96年4月23日林企字第0961710357號函示意旨，國土保安用地之管制應強於林業用地，故目的事業主管機關依上揭管制規則等有關法令徵詢農業單位﹝使用地主管機關﹞同意時，參依「農業主管機關同意農業用地變更使用審查作業要點」規定，應先就事業設置之必要性與計畫所提區位、面積等是否符合事業所需提供意見，方由貴府農業﹝含林業﹞主管機關依據農業發展條例第10條及森林法現有相關法令審查標準規定或內涵﹝不含程序規定﹞予以審查提供意見，俾供目的事業主管機關核處。如為保安林，須再依「保安林經營準則」及「保安林施業方法」之各類保安林施業規定辦理。四、另國土保安用地如屬經納入隔離綠帶或設施計算之土地，應由原興辦事業計畫或土地使用計畫主管機關管制其確依核定計畫供作隔離綠帶或設施使用；其有區位變更或使用更動情事者，應先報經目的事業主管機關徵求農業主管機關同意。本會90年3月9日﹝90﹞農企字第900109894號書函示有案，如附件2。&lt;/p&gt;\n\n&lt;p&gt;&amp;nbsp;&lt;/p&gt;\n",
    "Remark": "",
    "RegulationTypeName": "集水區治理類,造林生產類"
  },
  {
    "LazyExplanationId": "42EED403CCE347D3A9D3B6E9DB6B4FBD",
    "LazyId": "5069A13B95974606ABD5D680B3004079",
    "ExplanationId": "7e7f4732f72b4af38bc95406e2b3178a",
    "AnnouncementDate": "民國84年11月17日",
    "AnnouncementNo": "農授林務字第1021741225號",
    "Subject": "參與平地造林計畫之造林戶，關於天然災害現金救助是否有限制或排除適用案，復如說明，請查照。",
    "ExplanationContent": "&lt;p&gt;&lt;span style=&#39;color: rgb(0, 0, 0); font-family: &quot;Microsoft JhengHei&quot;; font-size: medium; font-style: normal; font-variant-ligatures: normal; font-variant-caps: normal; font-weight: 400; letter-spacing: normal; orphans: 2; text-align: left; text-indent: -32px; text-transform: none; white-space: normal; widows: 2; word-spacing: 0px; -webkit-text-stroke-width: 0px; background-color: rgb(255, 255, 255); text-decoration-thickness: initial; text-decoration-style: initial; text-decoration-color: initial; display: inline !important; float: none;&#39;&gt;一、復 貴府102年4月9日府農植字第1020083331號函。&lt;/span&gt;&lt;br style=&quot;color: rgb(0, 0, 0); font-family: &amp;quot;Microsoft JhengHei&amp;quot;; font-size: medium; font-style: normal; font-variant-ligatures: normal; font-variant-caps: normal; font-weight: 400; letter-spacing: normal; orphans: 2; text-align: left; text-indent: -32px; text-transform: none; white-space: normal; widows: 2; word-spacing: 0px; -webkit-text-stroke-width: 0px; background-color: rgb(255, 255, 255); text-decoration-thickness: initial; text-decoration-style: initial; text-decoration-color: initial;&quot;&gt;&lt;span style=&#39;color: rgb(0, 0, 0); font-family: &quot;Microsoft JhengHei&quot;; font-size: medium; font-style: normal; font-variant-ligatures: normal; font-variant-caps: normal; font-weight: 400; letter-spacing: normal; orphans: 2; text-align: left; text-indent: -32px; text-transform: none; white-space: normal; widows: 2; word-spacing: 0px; -webkit-text-stroke-width: 0px; background-color: rgb(255, 255, 255); text-decoration-thickness: initial; text-decoration-style: initial; text-decoration-color: initial; display: inline !important; float: none;&#39;&gt;二、依本會101年11月5日農林務字第1011742933號函釋，山坡地開發利用回饋金計算，應依山坡地開發利用回饋金繳交辦法(以下簡稱本辦法)第5條第1項規定，以水土保持計畫或簡易水土保持申報書之「計畫面積」計算。因本辦法並無將「計畫面積」先扣除「已繳交農業用地變更回饋金之土地面積」後，再據以計算回饋金規定，倘該申請案件有符合本辦法第8條第5款，得免繳交經計算之回饋金。&lt;/span&gt;&lt;br style=&quot;color: rgb(0, 0, 0); font-family: &amp;quot;Microsoft JhengHei&amp;quot;; font-size: medium; font-style: normal; font-variant-ligatures: normal; font-variant-caps: normal; font-weight: 400; letter-spacing: normal; orphans: 2; text-align: left; text-indent: -32px; text-transform: none; white-space: normal; widows: 2; word-spacing: 0px; -webkit-text-stroke-width: 0px; background-color: rgb(255, 255, 255); text-decoration-thickness: initial; text-decoration-style: initial; text-decoration-color: initial;&quot;&gt;&lt;span style=&#39;color: rgb(0, 0, 0); font-family: &quot;Microsoft JhengHei&quot;; font-size: medium; font-style: normal; font-variant-ligatures: normal; font-variant-caps: normal; font-weight: 400; letter-spacing: normal; orphans: 2; text-align: left; text-indent: -32px; text-transform: none; white-space: normal; widows: 2; word-spacing: 0px; -webkit-text-stroke-width: 0px; background-color: rgb(255, 255, 255); text-decoration-thickness: initial; text-decoration-style: initial; text-decoration-color: initial; display: inline !important; float: none;&#39;&gt;三、查貴府前以102年2月20日府農植字第1020038215號函詢問相同疑義，業經本會林務局以102年3月1日林造字第1021740706號函復貴府。嗣後貴縣議員徐玉樹服務處於102年3月28日召開協調會時，亦已就相同疑義討論結果有案。&lt;/span&gt;&lt;/p&gt;&lt;p data-f-id=&quot;pbf&quot; style=&quot;text-align: center; font-size: 14px; margin-top: 30px; opacity: 0.65; font-family: sans-serif;&quot;&gt;Powered by &lt;a href=&quot;https://www.froala.com/wysiwyg-editor?pb=1&quot; title=&quot;Froala Editor&quot;&gt;Froala Editor&lt;/a&gt;&lt;/p&gt;",
    "Remark": "",
    "RegulationTypeName": "造林生產類"
  },
  {
    "LazyExplanationId": "6BD8BC48267F40E8AA0E93E6A8CF1515",
    "LazyId": "5069A13B95974606ABD5D680B3004079",
    "ExplanationId": "a4262c07638440abb9c36792dbbd41e0",
    "AnnouncementDate": "民國73年11月17日",
    "AnnouncementNo": "農林務字第0951730503號",
    "Subject": "為「保安林點線狀使用原則」點狀面積基準案，請依說明二辦理，請查照。",
    "ExplanationContent": "&lt;p style=&#39;color: rgb(0, 0, 0); font-family: &quot;Microsoft JhengHei&quot;; font-size: medium; font-style: normal; font-variant-ligatures: normal; font-variant-caps: normal; font-weight: 400; letter-spacing: normal; orphans: 2; text-align: left; text-transform: none; white-space: normal; widows: 2; word-spacing: 0px; -webkit-text-stroke-width: 0px; background-color: rgb(255, 255, 255); text-decoration-thickness: initial; text-decoration-style: initial; text-decoration-color: initial; text-indent: -2em; margin-left: 2em;&#39;&gt;&lt;span style=&quot;line-height: 19px; font-family: Arial, Helvetica, sans-serif; letter-spacing: 1px;&quot;&gt;一、依據本會林務局案陳台北市政府建設局95年10月23日北市建三字第09533182200號函辦理。&lt;/span&gt;&lt;/p&gt;&lt;p style=&#39;color: rgb(0, 0, 0); font-family: &quot;Microsoft JhengHei&quot;; font-size: medium; font-style: normal; font-variant-ligatures: normal; font-variant-caps: normal; font-weight: 400; letter-spacing: normal; orphans: 2; text-align: left; text-transform: none; white-space: normal; widows: 2; word-spacing: 0px; -webkit-text-stroke-width: 0px; background-color: rgb(255, 255, 255); text-decoration-thickness: initial; text-decoration-style: initial; text-decoration-color: initial; text-indent: -2em; margin-left: 2em;&#39;&gt;&lt;span style=&quot;line-height: 19px; font-family: Arial, Helvetica, sans-serif; letter-spacing: 1px;&quot;&gt;二、本會前於90年7月10日90農林務字第0901730205號函說明有關保安林地不解除而同意供公共設施零星用地使用問題，同意依本會林務局所擬供公共使用之零星用地處理原則，即「保安林點線狀使用原則」辦理，該原則係參酌「非都市土地使用管制規則」及「非都市土地使用執行要點」規定，在不影響國土保安及保安林整體經營管理原則下，供公共設施使用之保安林點狀使用面積不超過為330平方公尺；茲「非都市土地使用管制規則」既經內政部91年5月31日以台內中地字第0910084243號令修正附表1各種使用地容許使用項目表所列，林業用地之公用事業設施，點狀使用面積不得超過660平方公尺，則有關保安林不解除而同意供公共設施零星用之點狀使用面積亦應修正為不超過660平方公尺；本原則並一併適用臺北市、高雄市。&lt;/span&gt;&lt;/p&gt;&lt;p data-f-id=&quot;pbf&quot; style=&quot;text-align: center; font-size: 14px; margin-top: 30px; opacity: 0.65; font-family: sans-serif;&quot;&gt;Powered by &lt;a href=&quot;https://www.froala.com/wysiwyg-editor?pb=1&quot; title=&quot;Froala Editor&quot;&gt;Froala Editor&lt;/a&gt;&lt;/p&gt;",
    "Remark": "",
    "RegulationTypeName": null
  },
  {
    "LazyExplanationId": "776D045B5D424C70B1A3614F37C7FB6A",
    "LazyId": "5069A13B95974606ABD5D680B3004079",
    "ExplanationId": "a5c02370b66a46b89414668438a8fdf1",
    "AnnouncementDate": "民國93年04月23日",
    "AnnouncementNo": "林治字第0931607180號",
    "Subject": "貴處函詢荔枝栽植於保安林區域內租地造林地，可否作為契約之造林樹種辦理續租案，復請查照。",
    "ExplanationContent": "&lt;p style=&#39;color: rgb(0, 0, 0); font-family: &quot;Microsoft JhengHei&quot;; font-size: medium; font-style: normal; font-variant-ligatures: normal; font-variant-caps: normal; font-weight: 400; letter-spacing: normal; orphans: 2; text-align: left; text-transform: none; white-space: normal; widows: 2; word-spacing: 0px; -webkit-text-stroke-width: 0px; background-color: rgb(255, 255, 255); text-decoration-thickness: initial; text-decoration-style: initial; text-decoration-color: initial; text-indent: -2em; margin-left: 2em;&#39;&gt;&lt;span style=&quot;font-family: Arial, Helvetica, sans-serif; letter-spacing: 1px; line-height: 19px;&quot;&gt;一、復貴處93年4月12日投治字第0934103845號函。&lt;/span&gt;&lt;/p&gt;&lt;p style=&#39;color: rgb(0, 0, 0); font-family: &quot;Microsoft JhengHei&quot;; font-size: medium; font-style: normal; font-variant-ligatures: normal; font-variant-caps: normal; font-weight: 400; letter-spacing: normal; orphans: 2; text-align: left; text-transform: none; white-space: normal; widows: 2; word-spacing: 0px; -webkit-text-stroke-width: 0px; background-color: rgb(255, 255, 255); text-decoration-thickness: initial; text-decoration-style: initial; text-decoration-color: initial; text-indent: -2em; margin-left: 2em;&#39;&gt;&lt;span style=&quot;line-height: 19px; font-family: Arial, Helvetica, sans-serif; letter-spacing: 1px;&quot;&gt;二、有關荔枝列為租地造林樹種之規定，前經本局76年3月4日林政字第06519號函核定列為租地造林樹種，並未限定保安林區域外栽植，為考量荔枝多採矮化經營，且多以經濟作物栽培，復於本局92年3月25日林造字第0921740074號函修正租地造林樹種表中，荔枝限於保安林區域外栽植。&lt;/span&gt;&lt;/p&gt;&lt;p style=&#39;color: rgb(0, 0, 0); font-family: &quot;Microsoft JhengHei&quot;; font-size: medium; font-style: normal; font-variant-ligatures: normal; font-variant-caps: normal; font-weight: 400; letter-spacing: normal; orphans: 2; text-align: left; text-transform: none; white-space: normal; widows: 2; word-spacing: 0px; -webkit-text-stroke-width: 0px; background-color: rgb(255, 255, 255); text-decoration-thickness: initial; text-decoration-style: initial; text-decoration-color: initial; text-indent: -2em; margin-left: 2em;&#39;&gt;&lt;span style=&quot;line-height: 19px; font-family: Arial, Helvetica, sans-serif; letter-spacing: 1px;&quot;&gt;三、因此本案位於保安林區域內租地造林地所種之荔枝，如確係於修正規定前栽植者，同意視同造林樹種，惟不得再有新植情事。&lt;/span&gt;&lt;/p&gt;",
    "Remark": "",
    "RegulationTypeName": "基本法規"
  },
  {
    "LazyExplanationId": "F7E70BDE454D4994817F2EA2E8CDCD9E",
    "LazyId": "836C56A1983D4F30A4992C26D4D32A77",
    "ExplanationId": "74B06ECB8EB0488BA844BDFF8B5B2364",
    "AnnouncementDate": "民國95年04月04日",
    "AnnouncementNo": "林造字第0951606371號",
    "Subject": "有關獎勵造林土地發生所有權移轉，繼受人如須處分地上林木，必須依森林法第45條及林產物伐採查驗規則之規定申請，並經貴府許可始得辦理，請查照。",
    "ExplanationContent": "<p>一、依據貴府95年3月30日府農林字第0950033012號函副本辦理。</p>\r\n<p>二、依據森林法第45條及林產物伐採查驗規則之規定，凡伐採林產物，應經主管機關許可並經查驗，始得運銷。</p>\r\n\r\n<p>三、本案原申請獎勵造林人參加政府推行之獎勵造林政策，既已領取獎勵金有案，該造林地已屬林產物伐採查驗規則第2條，以營林為目的之私有林。</p>\r\n<p>四、本案貴府致函○○○君說明三所敘:「請於造林木砍伐後通知本府」，核有未洽，請予改正。並請速通知土地所有權人伐採林產物應經申請，並經貴府許可始得伐採。</p>\r\n",
    "Remark": null,
    "RegulationTypeName": "基本法規,森林企劃類"
  },
  {
    "LazyExplanationId": "AF3A471736B545EDACCABC0FA35CC180",
    "LazyId": "836C56A1983D4F30A4992C26D4D32A77",
    "ExplanationId": "a4262c07638440abb9c36792dbbd41e0",
    "AnnouncementDate": "民國73年11月17日",
    "AnnouncementNo": "農林務字第0951730503號",
    "Subject": "為「保安林點線狀使用原則」點狀面積基準案，請依說明二辦理，請查照。",
    "ExplanationContent": "&lt;p style=&#39;color: rgb(0, 0, 0); font-family: &quot;Microsoft JhengHei&quot;; font-size: medium; font-style: normal; font-variant-ligatures: normal; font-variant-caps: normal; font-weight: 400; letter-spacing: normal; orphans: 2; text-align: left; text-transform: none; white-space: normal; widows: 2; word-spacing: 0px; -webkit-text-stroke-width: 0px; background-color: rgb(255, 255, 255); text-decoration-thickness: initial; text-decoration-style: initial; text-decoration-color: initial; text-indent: -2em; margin-left: 2em;&#39;&gt;&lt;span style=&quot;line-height: 19px; font-family: Arial, Helvetica, sans-serif; letter-spacing: 1px;&quot;&gt;一、依據本會林務局案陳台北市政府建設局95年10月23日北市建三字第09533182200號函辦理。&lt;/span&gt;&lt;/p&gt;&lt;p style=&#39;color: rgb(0, 0, 0); font-family: &quot;Microsoft JhengHei&quot;; font-size: medium; font-style: normal; font-variant-ligatures: normal; font-variant-caps: normal; font-weight: 400; letter-spacing: normal; orphans: 2; text-align: left; text-transform: none; white-space: normal; widows: 2; word-spacing: 0px; -webkit-text-stroke-width: 0px; background-color: rgb(255, 255, 255); text-decoration-thickness: initial; text-decoration-style: initial; text-decoration-color: initial; text-indent: -2em; margin-left: 2em;&#39;&gt;&lt;span style=&quot;line-height: 19px; font-family: Arial, Helvetica, sans-serif; letter-spacing: 1px;&quot;&gt;二、本會前於90年7月10日90農林務字第0901730205號函說明有關保安林地不解除而同意供公共設施零星用地使用問題，同意依本會林務局所擬供公共使用之零星用地處理原則，即「保安林點線狀使用原則」辦理，該原則係參酌「非都市土地使用管制規則」及「非都市土地使用執行要點」規定，在不影響國土保安及保安林整體經營管理原則下，供公共設施使用之保安林點狀使用面積不超過為330平方公尺；茲「非都市土地使用管制規則」既經內政部91年5月31日以台內中地字第0910084243號令修正附表1各種使用地容許使用項目表所列，林業用地之公用事業設施，點狀使用面積不得超過660平方公尺，則有關保安林不解除而同意供公共設施零星用之點狀使用面積亦應修正為不超過660平方公尺；本原則並一併適用臺北市、高雄市。&lt;/span&gt;&lt;/p&gt;&lt;p data-f-id=&quot;pbf&quot; style=&quot;text-align: center; font-size: 14px; margin-top: 30px; opacity: 0.65; font-family: sans-serif;&quot;&gt;Powered by &lt;a href=&quot;https://www.froala.com/wysiwyg-editor?pb=1&quot; title=&quot;Froala Editor&quot;&gt;Froala Editor&lt;/a&gt;&lt;/p&gt;",
    "Remark": "",
    "RegulationTypeName": null
  },
  {
    "LazyExplanationId": "FBDBE4292C434970A991EE2A4A0E7668",
    "LazyId": "836C56A1983D4F30A4992C26D4D32A77",
    "ExplanationId": "B486BA6A417D4ECE89BF80D2B8501E13",
    "AnnouncementDate": "民國97年03月17日",
    "AnnouncementNo": "林治字第0971604694號",
    "Subject": "貴處函報瑞穗鄉公所申請解除編號2624號水源涵養保安林一部案，復請查照。",
    "ExplanationContent": "<p><strong>一、</strong>復貴處97年3月10日花治字第<u>0978220116號</u>函。</p><p><strong>二、</strong>保安林得由中央主管機關解除一部或全部。</p>",
    "Remark": "備註內容說明",
    "RegulationTypeName": "基本法規"
  },
  {
    "LazyExplanationId": "3B7DEB269F354F23B6A2A1C0E65F530A",
    "LazyId": "26A71075D4324FB4A805490B64394DC4",
    "ExplanationId": "7e7f4732f72b4af38bc95406e2b3178a",
    "AnnouncementDate": "民國84年11月17日",
    "AnnouncementNo": "農授林務字第1021741225號",
    "Subject": "參與平地造林計畫之造林戶，關於天然災害現金救助是否有限制或排除適用案，復如說明，請查照。",
    "ExplanationContent": "&lt;p&gt;&lt;span style=&#39;color: rgb(0, 0, 0); font-family: &quot;Microsoft JhengHei&quot;; font-size: medium; font-style: normal; font-variant-ligatures: normal; font-variant-caps: normal; font-weight: 400; letter-spacing: normal; orphans: 2; text-align: left; text-indent: -32px; text-transform: none; white-space: normal; widows: 2; word-spacing: 0px; -webkit-text-stroke-width: 0px; background-color: rgb(255, 255, 255); text-decoration-thickness: initial; text-decoration-style: initial; text-decoration-color: initial; display: inline !important; float: none;&#39;&gt;一、復 貴府102年4月9日府農植字第1020083331號函。&lt;/span&gt;&lt;br style=&quot;color: rgb(0, 0, 0); font-family: &amp;quot;Microsoft JhengHei&amp;quot;; font-size: medium; font-style: normal; font-variant-ligatures: normal; font-variant-caps: normal; font-weight: 400; letter-spacing: normal; orphans: 2; text-align: left; text-indent: -32px; text-transform: none; white-space: normal; widows: 2; word-spacing: 0px; -webkit-text-stroke-width: 0px; background-color: rgb(255, 255, 255); text-decoration-thickness: initial; text-decoration-style: initial; text-decoration-color: initial;&quot;&gt;&lt;span style=&#39;color: rgb(0, 0, 0); font-family: &quot;Microsoft JhengHei&quot;; font-size: medium; font-style: normal; font-variant-ligatures: normal; font-variant-caps: normal; font-weight: 400; letter-spacing: normal; orphans: 2; text-align: left; text-indent: -32px; text-transform: none; white-space: normal; widows: 2; word-spacing: 0px; -webkit-text-stroke-width: 0px; background-color: rgb(255, 255, 255); text-decoration-thickness: initial; text-decoration-style: initial; text-decoration-color: initial; display: inline !important; float: none;&#39;&gt;二、依本會101年11月5日農林務字第1011742933號函釋，山坡地開發利用回饋金計算，應依山坡地開發利用回饋金繳交辦法(以下簡稱本辦法)第5條第1項規定，以水土保持計畫或簡易水土保持申報書之「計畫面積」計算。因本辦法並無將「計畫面積」先扣除「已繳交農業用地變更回饋金之土地面積」後，再據以計算回饋金規定，倘該申請案件有符合本辦法第8條第5款，得免繳交經計算之回饋金。&lt;/span&gt;&lt;br style=&quot;color: rgb(0, 0, 0); font-family: &amp;quot;Microsoft JhengHei&amp;quot;; font-size: medium; font-style: normal; font-variant-ligatures: normal; font-variant-caps: normal; font-weight: 400; letter-spacing: normal; orphans: 2; text-align: left; text-indent: -32px; text-transform: none; white-space: normal; widows: 2; word-spacing: 0px; -webkit-text-stroke-width: 0px; background-color: rgb(255, 255, 255); text-decoration-thickness: initial; text-decoration-style: initial; text-decoration-color: initial;&quot;&gt;&lt;span style=&#39;color: rgb(0, 0, 0); font-family: &quot;Microsoft JhengHei&quot;; font-size: medium; font-style: normal; font-variant-ligatures: normal; font-variant-caps: normal; font-weight: 400; letter-spacing: normal; orphans: 2; text-align: left; text-indent: -32px; text-transform: none; white-space: normal; widows: 2; word-spacing: 0px; -webkit-text-stroke-width: 0px; background-color: rgb(255, 255, 255); text-decoration-thickness: initial; text-decoration-style: initial; text-decoration-color: initial; display: inline !important; float: none;&#39;&gt;三、查貴府前以102年2月20日府農植字第1020038215號函詢問相同疑義，業經本會林務局以102年3月1日林造字第1021740706號函復貴府。嗣後貴縣議員徐玉樹服務處於102年3月28日召開協調會時，亦已就相同疑義討論結果有案。&lt;/span&gt;&lt;/p&gt;&lt;p data-f-id=&quot;pbf&quot; style=&quot;text-align: center; font-size: 14px; margin-top: 30px; opacity: 0.65; font-family: sans-serif;&quot;&gt;Powered by &lt;a href=&quot;https://www.froala.com/wysiwyg-editor?pb=1&quot; title=&quot;Froala Editor&quot;&gt;Froala Editor&lt;/a&gt;&lt;/p&gt;",
    "Remark": "",
    "RegulationTypeName": "造林生產類"
  },
  {
    "LazyExplanationId": "BA3CE35B519B40C289F96B917B6F1E34",
    "LazyId": "86951dfc05a24971b95d27d1b3bd16eb",
    "ExplanationId": "592b4d8a488444c896c135f38e5e4389",
    "AnnouncementDate": "民國110年01月03日",
    "AnnouncementNo": "農授林務字第1021741233號",
    "Subject": "測試釋函數量",
    "ExplanationContent": "&lt;p&gt;測試釋函數量&lt;/p&gt;\n",
    "Remark": "",
    "RegulationTypeName": "林政管理類"
  },
  {
    "LazyExplanationId": "6383F9A32A53412FA39D83DE9CD460A7",
    "LazyId": "86951dfc05a24971b95d27d1b3bd16eb",
    "ExplanationId": "B486BA6A417D4ECE89BF80D2B8501E13",
    "AnnouncementDate": "民國97年03月17日",
    "AnnouncementNo": "林治字第0971604694號",
    "Subject": "貴處函報瑞穗鄉公所申請解除編號2624號水源涵養保安林一部案，復請查照。",
    "ExplanationContent": "<p><strong>一、</strong>復貴處97年3月10日花治字第<u>0978220116號</u>函。</p><p><strong>二、</strong>保安林得由中央主管機關解除一部或全部。</p>",
    "Remark": "備註內容說明",
    "RegulationTypeName": "基本法規"
  },
  {
    "LazyExplanationId": "A5CF4B45C3294D38B83419CED0D53308",
    "LazyId": "11c2130126a6485cbfdab285091cb3b7",
    "ExplanationId": "18b7dcacd0084ab3b0f62de74e6ebcd1",
    "AnnouncementDate": "民國110年06月01日",
    "AnnouncementNo": "內政部110年6月1日台內地字第1100262356號公告",
    "Subject": "公告本部排除電子簽章法適用之項目（地政業務部分），並自即日生效",
    "ExplanationContent": "&lt;p&gt;一、本部排除電子簽章法適用之項目（地政業務部分）如附件。&lt;br /&gt;\n二、本部91年3月28日台內資字第0910070546號公告（地政業務部分），自即日停止適用。&lt;/p&gt;\n",
    "Remark": "",
    "RegulationTypeName": "基本法規"
  },
  {
    "LazyExplanationId": "BA319374D1CC407CB15E60292DBB1CD5",
    "LazyId": "44260533d6fa42c382247ae3a89726cf",
    "ExplanationId": "495ec5c4aac045839cc4fbd2a5072a3f",
    "AnnouncementDate": "民國90年09月06日",
    "AnnouncementNo": "林政字第0901616955號",
    "Subject": "有關竊占本局經管之國有不動產，原應由本局依民法第七百六十七條對無權占有人行使所有人請求返還及妨害之防止、除去等權利之案件，鑑於貴處為是類財產之實際管理使用者，爰參酌最高法院五十一年台上字第二六八O號判例，得由貴處以實際管理者資格起訴，代國家主張所有人權利，以避免相對人以當事人不適格為由，延滯訴訟程序進行，請查照。",
    "ExplanationContent": "&lt;p&gt;依據新竹林區管理處九十年八月二十一日九十竹政字第九O二二一O七五九號函辦理。&lt;/p&gt;\n",
    "Remark": "",
    "RegulationTypeName": "基本法規"
  },
  {
    "LazyExplanationId": "6AFA6A43BB9E41A6BF284519BD449A79",
    "LazyId": "44260533d6fa42c382247ae3a89726cf",
    "ExplanationId": "6B85D44FD25B4A71B476F331A5EDDBD3",
    "AnnouncementDate": "民國100年12月14日",
    "AnnouncementNo": "林造字第1001664926號",
    "Subject": "有關貴府詢問○○○君座落佳義段○○○地號原住民保留地林業用地獎勵輔導造林申請疑義案，復請 查照。",
    "ExplanationContent": "<p>一、復貴府100年12月5日屏府原產字第1000320788號函。</p>\r\n<p>二、本案倘符合「獎勵輔導造林辦法」(以下簡稱本辦法)第2條對象及第4條土地區位等規定，申請人自可提出獎勵造林申請。而貴府應依本辦法第6條第1項規定現場勘查，認定有實施造林之需要者核准其申請。</p>\r\n\r\n<p>三、倘經貴府依森林法核准伐採後之跡地，貴府可依「獎勵造林審查要點」第2點各款情形認定有實施造林之需要。倘貴府在認定能否砍伐芒果樹並參加獎勵造林時，有實務執行上之疑議，建議可參照「獎勵造林審查要點」第4點第3項組成諮詢小組規定，由貴府成立之諮詢小組協助認定有實施造林之需要後，再據以核准其獎勵造林申請為宜。</p>\r\n\r\n<p>四、另地上物芒果樹之處分如不涉外運，是否得比照林產物伐採查驗規則辦理一節，查森林法第45條第1項規定，凡伐採林產物，應經主管機關許可並查驗，始得運銷。貴府倘認定本案之芒果樹屬於林業經營之造林樹種，則應依林產物伐採查驗規則第8條規定，申請伐採許可。至伐採之林產物不涉外運者，無須依林產物伐採查驗規則第15條規定，向該管林業主管機關申請放行查驗。</p>",
    "Remark": null,
    "RegulationTypeName": "森林企劃類"
  },
  {
    "LazyExplanationId": "C3935F5ECAAA4A15B69E453680F5C205",
    "LazyId": "b662e4bdbe774388b77bb7254df723ff",
    "ExplanationId": "64867831bd08405c8a06a2fbcf005cd6",
    "AnnouncementDate": "民國107年12月31日",
    "AnnouncementNo": "內政部107年12月5日內授中辦地字第1071303235號函",
    "Subject": "依非都市土地使用管制規則第6條、第26條及第30條規定，建置土地參考資訊檔範例",
    "ExplanationContent": "&lt;p&gt;一、依107年3月19日修正之非都市土地使用管制規則（以下簡稱管制規則）第6條、第26條及第30條規定，於核准臨時使用、開發許可及變更編定案件時，應將臨時使用用途及期限或核定事業計畫使用項目等資料，登錄於土地參考資訊檔（以下簡稱參考檔）。&lt;br /&gt;\n二、該參考檔應載內容，於本部106年9月27日、107年1月29日及1月31日辦理「非都市土地使用管制相關事項應如何建置土地參考資訊檔說明會」時，已請貴府參照管制規則107年3月19日修正前之註記登記範例（本部90年4月23日台（90）內中地字第9081143號及92年5月1日內授中辦地字第0920083004號函釋規定）建置參考檔有案。其登載內容如下，貴府得視個案情形酌予調整文字：&lt;br /&gt;\n(一)第6條第1項規定臨時使用：「依據◇◇◇○○年○○月○○日○○字第○○○○號函核准作為□□臨時使用，自○○年○○月○○日起至○○年○○月○○日止，為期○年。」（◇◇◇表中央目的事業主管機關；□□表臨時使用用途）&lt;br /&gt;\n(二)第26條規定：「依據○○市／縣（市）政府○○年○○月○○日○○字第○○○○號函核准使用分區及使用地變更，限依其□□開發計畫作為△△使用。」（□□開發事業計畫名稱；△△表計畫使用項目）&lt;br /&gt;\n(三)第30條第5項規定：「依據○○市／縣（市）政府○○年○○月○○日○○字第○○○○號函核准變更編定，限依其□□事業計畫作為△△使用。」（□□表興辦事業計畫名稱；△△表計畫使用項目）&lt;br /&gt;\n三、至上開本部90年4月23日及92年5月1日函釋停止適用；另請貴府配合辦理以下事項：&lt;br /&gt;\n(一)已依上開函釋辦竣土地登記簿標示部註記登記之土地，請於108年2月底前完成參考檔之建置及塗銷原註記登記。&lt;br /&gt;\n(二)為利參考檔內容稽核需要，於「土地登記複丈地價地用整合系統WEB版」地用系統產製旨揭案件之「非都市土地使用編定清冊」時，仍請參照參考檔內容，辦理備註事項之登錄，以備查考。&lt;br /&gt;\n(三)請加強辦理參考檔之宣導作業，俾統一非都市土地使用管制事項之公示管道，以維護民眾權益。&lt;br /&gt;\n(四)(略)&lt;/p&gt;\n",
    "Remark": "",
    "RegulationTypeName": "森林企劃類,森林企劃類,森林企劃類"
  },
  {
    "LazyExplanationId": "B83CC602AC7E4B80B7DDA4FBA72601B9",
    "LazyId": "b662e4bdbe774388b77bb7254df723ff",
    "ExplanationId": "c2a3d1305e854583889307cbd83c4423",
    "AnnouncementDate": "民國73年11月29日",
    "AnnouncementNo": "內政部七十三年十一月二十九日台（七三）內地字第二六六六六一號函",
    "Subject": "非都市土地使用編定後因禁建期滿尚未依法發布實施特定區計畫等應如何管制事宜",
    "ExplanationContent": "&lt;p&gt;一、略（業經內政部七十六年十二月十四日台（七六）內地字第五五&amp;Omicron;九三五號函變更）。&lt;br /&gt;\n二、依區域計畫法施行細則第十三條規定，非都市土地係指都市土地以外之土地，即「已公布都市計畫及依都市計畫法第八十一條規定為新訂都市計畫或擴大都市計畫，而先行劃定計畫地區範圍，實施禁建之土地」以外之土地，已辦理非都市土地使用分區編定地區，雖經禁建期滿而尚未依法公布都市計畫者，因屬上開細則第十三條所稱之非都市土地，其使用管制或變更編定應依&lt;strong&gt;&amp;nbsp;非都市土地使用管制規則&amp;nbsp;&lt;/strong&gt;規定辦理。&lt;br /&gt;\n三、已辦理非都市土地使用分區編定地區，因新訂都市計畫或擴大都市計畫而先行劃定計畫地區範圍，實施禁建之土地，為期土地使用管制及建築管理能互相配合，應請都市計畫主管機關將禁建範圍圖送地政機關，俾使地政機關於受理人民申請變更編定案件參考。至禁建範圍發生疑義時，應由有關單位派員會同實地勘查。&lt;br /&gt;\n四、都市計畫依法公布後，該範圍內土地係屬都市土地，不適用&lt;strong&gt;&amp;nbsp;非都市土地使用管制規則&amp;nbsp;&lt;/strong&gt;規定，應請都市計畫主管機關檢具有關圖冊送地政機關，俾據以將土地登記簿標示部所載非都市土地編定使用種類辦理註銷.。&lt;/p&gt;\n",
    "Remark": "",
    "RegulationTypeName": "森林企劃類"
  },
  {
    "LazyExplanationId": "9B58C77A8B474254853DAF41B9D497EC",
    "LazyId": "2f05953073c34d19bdadb814932a8c06",
    "ExplanationId": "5941d03523de43f0af69f00ba885f6d2",
    "AnnouncementDate": "民國110年06月12日",
    "AnnouncementNo": "內政部109年6月10日台內地字第1090122495號函",
    "Subject": "有關地政機關受理拍賣登記洽請地方稅稽徵機關協助查明應（欠）繳工程受益費之簡化聯繫事宜",
    "ExplanationContent": "&lt;p&gt;一、依據財政部109年6月4日台財稅字第10904572860號函（附件1略）辦理。&lt;br /&gt;\n二、按跨直轄市、縣（市）申請土地登記，自109年7月起將新增試辦拍賣等登記案件，針對應（欠）繳工程受益費之區域，依工程受益費徵收條例第6條規定，地政機關受理登記申請案件仍應配合審查有無欠繳工程受益費，如有疑義宜洽稅捐稽徵機關查明。為強化地政與稅捐稽徵機關橫向聯繫，主動查證落實跨機關合作，並簡化行政作業，經本部研提建議處理方式，獲財政部前揭109年6月4日函同意，茲說明如下：&lt;br /&gt;\n(一)地政機關受理拍賣登記案件，倘有該不動產有無應（欠）繳工程受益費疑義，得循下列程序辦理（示意範例如附件2略）：&lt;br /&gt;\n1、地政機關影印該不動產權利移轉證書，於空白處註明機關名稱、電話、傳真、收件年字號並加蓋承辦人職章，傳真至不動產所在地轄區稅捐稽徵機關協請查明工程受益費是否繳清，並以電話通知。&lt;br /&gt;\n2、稅捐稽徵機關接獲該傳真查欠文件，協助查明所載標的有無應（欠）繳工程受益費，將結果填載於該文件並加蓋職章後傳真回復。倘查有欠繳工程受益費，地政機關則予列入通知補正事項。&lt;br /&gt;\n(二)（略）。&lt;/p&gt;\n",
    "Remark": "",
    "RegulationTypeName": "行政類"
  },
  {
    "LazyExplanationId": "B1D0F547DBDE460F9B9C7F28A0F320A2",
    "LazyId": "11c2130126a6485cbfdab285091cb3b7",
    "ExplanationId": "5b5ee783b0064379b0f06859a018489a",
    "AnnouncementDate": "民國95年06月06日",
    "AnnouncementNo": "(85)農林字第5030269A號",
    "Subject": "非經主管機關之同意，不得在公共場所陳列、展示之瀕臨絕種及珍貴稀有野生動物產製品之管理補充規定如說明，請查照轉知所屬機關及所轄各相關單位遵循辦理。",
    "ExplanationContent": "&lt;p&gt;一、非經主管機關之同意，不得在公共場所陳列、展示之瀕臨絕種及珍貴稀有野生動物產製品種類本會業於85年5月28日以85農林字第5030238A號公告在案。&lt;/p&gt;\n\n&lt;p&gt;二、凡屬前項公告種類之陳列、展示申請案，申請者應檢具陳列、展示計畫書，載明下列事項：&lt;/p&gt;\n\n&lt;p&gt;﹝一﹞展示目的。&lt;/p&gt;\n\n&lt;p&gt;﹝二﹞展示時間。&lt;/p&gt;\n\n&lt;p&gt;﹝三﹞展示地點。&lt;/p&gt;\n\n&lt;p&gt;﹝四﹞展示物種學名。&lt;/p&gt;\n\n&lt;p&gt;﹝五﹞展示物種品目〈如：標本、牙、皮、毛‧‧‧〉。&lt;/p&gt;\n\n&lt;p&gt;﹝六﹞展示方式〈如：實物配合圖片、文字‧‧‧〉。&lt;/p&gt;\n\n&lt;p&gt;﹝七﹞展示內容〈如：提送附加文字之模擬展示圖‧‧‧〉。&lt;/p&gt;\n\n&lt;p&gt;三、對於長期定點展示之申請案，各主管機關得視實際情況需要就前項所列各款視個案之不同，斟酌予以修正。&lt;/p&gt;\n\n&lt;p&gt;四、在公共場所陳列、展示之活動應以不違反保育之原則為前提，各主管機關得視實際個案，要求申請者提供說明二所列各款以外之補充資料，並本於職權自行核處。對於申請者在實際陳列、展示時若有與申請內容不符之行為究應如何處理，並請事先納入考量。&lt;/p&gt;\n",
    "Remark": "",
    "RegulationTypeName": "造林生產類"
  },
  {
    "LazyExplanationId": "1AEB64CB94BA421BBF2F94EC7A8C3B45",
    "LazyId": "d833c3b9ae4d499ba2cdf762ff494b00",
    "ExplanationId": "c08566bb070546c89d4d0942d6271470",
    "AnnouncementDate": "民國110年09月16日",
    "AnnouncementNo": "NO2",
    "Subject": "釋函NO2",
    "ExplanationContent": "&lt;p&gt;釋函NO2&lt;/p&gt;\n",
    "Remark": "",
    "RegulationTypeName": null
  }
]