[
  {
    "ExplanationId": "0553757cf7034e6e9f7cfe557bfa4249",
    "ExplanationDetialId": "5a86ef5369e04dce8af02955342f415d",
    "ExplanationRelatedId": "545AF658962F41BC9CD96F50607AC527",
    "ExplanationLevel": "R2",
    "RegulationId": "B7368501C94E45A78DF255C9AEBBA27A",
    "RegulationTitle": "森林法",
    "RegulationTypeName": "基本法規",
    "AnnouncementNo": "1100105",
    "AnnouncementDate": "民國110年01月05日",
    "LegalBasis": "森林法第二章第5條",
    "Subject": "解釋函",
    "Remark": ""
  },
  {
    "ExplanationId": "18b7dcacd0084ab3b0f62de74e6ebcd1",
    "ExplanationDetialId": "68039b09864d42158a1ae502532fa129",
    "ExplanationRelatedId": "b3c3d24503634cd1ae300cddd53e5857",
    "ExplanationLevel": "R2",
    "RegulationId": "073bc7bad41542e4bf966524f9091850",
    "RegulationTitle": "電子簽章法",
    "RegulationTypeName": "基本法規",
    "AnnouncementNo": "內政部110年6月1日台內地字第1100262356號公告",
    "AnnouncementDate": "民國110年06月01日",
    "LegalBasis": "電子簽章法第4條",
    "Subject": "公告本部排除電子簽章法適用之項目（地政業務部分），並自即日生效",
    "Remark": ""
  },
  {
    "ExplanationId": "1a53f66d7bdb4e8fac06fdf7de39b719",
    "ExplanationDetialId": "8fe407d88c5e49a8b047202cdaae1dc5",
    "ExplanationRelatedId": "AB58545E2F424BB3A09E2DCDF75B0906",
    "ExplanationLevel": "R0",
    "RegulationId": "AB58545E2F424BB3A09E2DCDF75B0906",
    "RegulationTitle": "獎勵輔導造林辦法",
    "RegulationTypeName": "造林生產類",
    "AnnouncementNo": "農林務字第0990116843號\r\n",
    "AnnouncementDate": "民國99年04月14日",
    "LegalBasis": "獎勵輔導造林辦法",
    "Subject": "有關貴公所建議本會儘速檢討獎勵造林及林業經營政策，並加強塔曼山水土保持工作等情一案，復如說明，請查照。",
    "Remark": ""
  },
  {
    "ExplanationId": "1f5de6cfe3f649d38d315b8b94f52f3f",
    "ExplanationDetialId": "3207ed7e933943f8aa27534a308b673e",
    "ExplanationRelatedId": "37b62af6eef5443682638e8f45db4f01",
    "ExplanationLevel": "R2",
    "RegulationId": "9ff6eb49b5b74b8a886182d1ce9720ce",
    "RegulationTitle": "行政院農業委員會林務局各林區管理處暫行組織規程",
    "RegulationTypeName": "集水區治理類",
    "AnnouncementNo": "林治字第0971604694號",
    "AnnouncementDate": "民國97年07月21日",
    "LegalBasis": "行政院農業委員會林務局各林區管理處暫行組織規程總章第1條",
    "Subject": "貴處函報瑞穗鄉公所申請解除編號2624號水源涵養保安林一部案，復請查照。",
    "Remark": ""
  },
  {
    "ExplanationId": "44ae9e425ec04978a4f901892c6ecb47",
    "ExplanationDetialId": "05724f1308834988b1c99b3fc7a9ebf5",
    "ExplanationRelatedId": "1b24de1f985041a180d7bf9d23c497ba",
    "ExplanationLevel": "R0",
    "RegulationId": "1b24de1f985041a180d7bf9d23c497ba",
    "RegulationTitle": "林產物伐採查驗規則",
    "RegulationTypeName": "森林企劃類",
    "AnnouncementNo": "林造字第1001741540號",
    "AnnouncementDate": "民國100年07月12日",
    "LegalBasis": "林產物伐採查驗規則",
    "Subject": "參與平地造林計畫之造林戶，關於天然災害現金救助是否有限制或排除適用案，復如說明，請查照。",
    "Remark": "測試"
  },
  {
    "ExplanationId": "495ec5c4aac045839cc4fbd2a5072a3f",
    "ExplanationDetialId": "360e68cc4b904e9687e07c587cdf4acc",
    "ExplanationRelatedId": "FDA071A4D80046C18791B2DE9338FD0C",
    "ExplanationLevel": "R2",
    "RegulationId": "B7368501C94E45A78DF255C9AEBBA27A",
    "RegulationTitle": "森林法",
    "RegulationTypeName": "基本法規",
    "AnnouncementNo": "林政字第0901616955號",
    "AnnouncementDate": "民國90年09月06日",
    "LegalBasis": "森林法第一章第3條",
    "Subject": "有關竊占本局經管之國有不動產，原應由本局依民法第七百六十七條對無權占有人行使所有人請求返還及妨害之防止、除去等權利之案件，鑑於貴處為是類財產之實際管理使用者，爰參酌最高法院五十一年台上字第二六八O號判例，得由貴處以實際管理者資格起訴，代國家主張所有人權利，以避免相對人以當事人不適格為由，延滯訴訟程序進行，請查照。",
    "Remark": ""
  },
  {
    "ExplanationId": "592b4d8a488444c896c135f38e5e4389",
    "ExplanationDetialId": "0580d85e53d14613af7be43e812cb303",
    "ExplanationRelatedId": "dff28edfa9b24040bfa8042a38df7fa8",
    "ExplanationLevel": "R0",
    "RegulationId": "dff28edfa9b24040bfa8042a38df7fa8",
    "RegulationTitle": "申請進入自然保留區許可辦法",
    "RegulationTypeName": "林政管理類",
    "AnnouncementNo": "農授林務字第1021741233號",
    "AnnouncementDate": "民國110年01月03日",
    "LegalBasis": "申請進入自然保留區許可辦法",
    "Subject": "測試釋函數量",
    "Remark": ""
  },
  {
    "ExplanationId": "5941d03523de43f0af69f00ba885f6d2",
    "ExplanationDetialId": "700109a7f63e4d38956f118ee3241434",
    "ExplanationRelatedId": "e742ff6d1519420b81683719a1c92e04",
    "ExplanationLevel": "R2",
    "RegulationId": "ee2f2207158840a5bb7fb28e2abcad33",
    "RegulationTitle": "\t工程受益費徵收條例",
    "RegulationTypeName": "行政類",
    "AnnouncementNo": "內政部109年6月10日台內地字第1090122495號函",
    "AnnouncementDate": "民國110年06月12日",
    "LegalBasis": "\t工程受益費徵收條例第6條",
    "Subject": "有關地政機關受理拍賣登記洽請地方稅稽徵機關協助查明應（欠）繳工程受益費之簡化聯繫事宜",
    "Remark": ""
  },
  {
    "ExplanationId": "5b5ee783b0064379b0f06859a018489a",
    "ExplanationDetialId": "2f708d5484eb4d47affe80c456cf3972",
    "ExplanationRelatedId": "6E2850ECA35644A7942C81C0AB791D7F",
    "ExplanationLevel": "R0",
    "RegulationId": "6E2850ECA35644A7942C81C0AB791D7F",
    "RegulationTitle": "國有林林產物處分規則",
    "RegulationTypeName": "造林生產類",
    "AnnouncementNo": "(85)農林字第5030269A號",
    "AnnouncementDate": "民國95年06月06日",
    "LegalBasis": "國有林林產物處分規則",
    "Subject": "非經主管機關之同意，不得在公共場所陳列、展示之瀕臨絕種及珍貴稀有野生動物產製品之管理補充規定如說明，請查照轉知所屬機關及所轄各相關單位遵循辦理。",
    "Remark": ""
  },
  {
    "ExplanationId": "5db67fd124a64fb489de9916de3cd668",
    "ExplanationDetialId": "8a1495a314214c54b74e4b36e6764b4a",
    "ExplanationRelatedId": "dff28edfa9b24040bfa8042a38df7fa8",
    "ExplanationLevel": "R0",
    "RegulationId": "dff28edfa9b24040bfa8042a38df7fa8",
    "RegulationTitle": "申請進入自然保留區許可辦法",
    "RegulationTypeName": "林政管理類",
    "AnnouncementNo": "林造字第1001741555號",
    "AnnouncementDate": "民國110年01月02日",
    "LegalBasis": "申請進入自然保留區許可辦法",
    "Subject": "測試釋函數量",
    "Remark": ""
  },
  {
    "ExplanationId": "64867831bd08405c8a06a2fbcf005cd6",
    "ExplanationDetialId": "137bfa93a0fc48e6a46fce8ff6cc7e46",
    "ExplanationRelatedId": "1f33666a94e74bb387ee9de26b807ca7",
    "ExplanationLevel": "R2",
    "RegulationId": "1a20a4405cb949e0947a6a0aede5492c",
    "RegulationTitle": "非都市土地使用管制規則",
    "RegulationTypeName": "森林企劃類",
    "AnnouncementNo": "內政部107年12月5日內授中辦地字第1071303235號函",
    "AnnouncementDate": "民國107年12月31日",
    "LegalBasis": "非都市土地使用管制規則第二章第6條",
    "Subject": "依非都市土地使用管制規則第6條、第26條及第30條規定，建置土地參考資訊檔範例",
    "Remark": ""
  },
  {
    "ExplanationId": "64867831bd08405c8a06a2fbcf005cd6",
    "ExplanationDetialId": "b81349371cdd4ba0986a266d28ae62f4",
    "ExplanationRelatedId": "9c9bfb8f7eca43bf95886fba42211b02",
    "ExplanationLevel": "R2",
    "RegulationId": "1a20a4405cb949e0947a6a0aede5492c",
    "RegulationTitle": "非都市土地使用管制規則",
    "RegulationTypeName": "森林企劃類",
    "AnnouncementNo": "內政部107年12月5日內授中辦地字第1071303235號函",
    "AnnouncementDate": "民國107年12月31日",
    "LegalBasis": "非都市土地使用管制規則第四章第30條",
    "Subject": "依非都市土地使用管制規則第6條、第26條及第30條規定，建置土地參考資訊檔範例",
    "Remark": ""
  },
  {
    "ExplanationId": "64867831bd08405c8a06a2fbcf005cd6",
    "ExplanationDetialId": "ff9a5ec7f94248e28745930f534c388e",
    "ExplanationRelatedId": "a9c178ff2691443f806ff01daef91168",
    "ExplanationLevel": "R2",
    "RegulationId": "1a20a4405cb949e0947a6a0aede5492c",
    "RegulationTitle": "非都市土地使用管制規則",
    "RegulationTypeName": "森林企劃類",
    "AnnouncementNo": "內政部107年12月5日內授中辦地字第1071303235號函",
    "AnnouncementDate": "民國107年12月31日",
    "LegalBasis": "非都市土地使用管制規則第三章第26條",
    "Subject": "依非都市土地使用管制規則第6條、第26條及第30條規定，建置土地參考資訊檔範例",
    "Remark": ""
  },
  {
    "ExplanationId": "6B85D44FD25B4A71B476F331A5EDDBD3",
    "ExplanationDetialId": "D6ADE786137B46A8BE977C1EF7238525",
    "ExplanationRelatedId": "3F982C817D6E45E48EC282FCF46D8087",
    "ExplanationLevel": "R1",
    "RegulationId": "1b24de1f985041a180d7bf9d23c497ba",
    "RegulationTitle": "林產物伐採查驗規則",
    "RegulationTypeName": "森林企劃類",
    "AnnouncementNo": "林造字第1001664926號",
    "AnnouncementDate": "民國100年12月14日",
    "LegalBasis": "林產物伐採查驗規則第一章",
    "Subject": "有關貴府詢問○○○君座落佳義段○○○地號原住民保留地林業用地獎勵輔導造林申請疑義案，復請 查照。",
    "Remark": null
  },
  {
    "ExplanationId": "6c70d7d85d824c43b61100d14096ef64",
    "ExplanationDetialId": "d59524d8239d4ddc801d94c3d36b2dd2",
    "ExplanationRelatedId": "72f3cfb1c2804e609335cf176ff256cf",
    "ExplanationLevel": "R2",
    "RegulationId": "dff28edfa9b24040bfa8042a38df7fa8",
    "RegulationTitle": "申請進入自然保留區許可辦法",
    "RegulationTypeName": "林政管理類",
    "AnnouncementNo": "測試1",
    "AnnouncementDate": "民國110年01月02日",
    "LegalBasis": "申請進入自然保留區許可辦法第 1 條",
    "Subject": "測試1",
    "Remark": ""
  },
  {
    "ExplanationId": "6e0c907bc9eb430bb659aa006516d667",
    "ExplanationDetialId": "0ac5d3ff96164fa8b4272a89cc8002ce",
    "ExplanationRelatedId": "073bc7bad41542e4bf966524f9091850",
    "ExplanationLevel": "R0",
    "RegulationId": "073bc7bad41542e4bf966524f9091850",
    "RegulationTitle": "電子簽章法",
    "RegulationTypeName": "基本法規",
    "AnnouncementNo": "110/09/16",
    "AnnouncementDate": "民國110年09月16日",
    "LegalBasis": "電子簽章法",
    "Subject": "110/09/16",
    "Remark": ""
  },
  {
    "ExplanationId": "74B06ECB8EB0488BA844BDFF8B5B2364",
    "ExplanationDetialId": "21BFB5348DB2432195D0A8ACB28FE28A",
    "ExplanationRelatedId": "B7368501C94E45A78DF255C9AEBBA27A",
    "ExplanationLevel": "R0",
    "RegulationId": "B7368501C94E45A78DF255C9AEBBA27A",
    "RegulationTitle": "森林法",
    "RegulationTypeName": "基本法規",
    "AnnouncementNo": "林造字第0951606371號",
    "AnnouncementDate": "民國95年04月04日",
    "LegalBasis": "森林法",
    "Subject": "有關獎勵造林土地發生所有權移轉，繼受人如須處分地上林木，必須依森林法第45條及林產物伐採查驗規則之規定申請，並經貴府許可始得辦理，請查照。",
    "Remark": null
  },
  {
    "ExplanationId": "74B06ECB8EB0488BA844BDFF8B5B2364",
    "ExplanationDetialId": "B45E56BC66D0443EB2E3BFDC762168A4",
    "ExplanationRelatedId": "1b24de1f985041a180d7bf9d23c497ba",
    "ExplanationLevel": "R0",
    "RegulationId": "1b24de1f985041a180d7bf9d23c497ba",
    "RegulationTitle": "林產物伐採查驗規則",
    "RegulationTypeName": "森林企劃類",
    "AnnouncementNo": "林造字第0951606371號",
    "AnnouncementDate": "民國95年04月04日",
    "LegalBasis": "林產物伐採查驗規則",
    "Subject": "有關獎勵造林土地發生所有權移轉，繼受人如須處分地上林木，必須依森林法第45條及林產物伐採查驗規則之規定申請，並經貴府許可始得辦理，請查照。",
    "Remark": null
  },
  {
    "ExplanationId": "7511ca3f9d474cea84ebcda4cf462a26",
    "ExplanationDetialId": "afb94f49359d4e628707d8880b17dfed",
    "ExplanationRelatedId": "72f3cfb1c2804e609335cf176ff256cf",
    "ExplanationLevel": "R2",
    "RegulationId": "dff28edfa9b24040bfa8042a38df7fa8",
    "RegulationTitle": "申請進入自然保留區許可辦法",
    "RegulationTypeName": "林政管理類",
    "AnnouncementNo": "測試2",
    "AnnouncementDate": "民國110年01月09日",
    "LegalBasis": "申請進入自然保留區許可辦法第 1 條",
    "Subject": "測試2",
    "Remark": ""
  },
  {
    "ExplanationId": "7717E86148C3439BB6FD5BB13252DEAE",
    "ExplanationDetialId": "71e99821c5cd412aaba8f83902db7441",
    "ExplanationRelatedId": "9ff6eb49b5b74b8a886182d1ce9720ce",
    "ExplanationLevel": "R0",
    "RegulationId": "9ff6eb49b5b74b8a886182d1ce9720ce",
    "RegulationTitle": "行政院農業委員會林務局各林區管理處暫行組織規程",
    "RegulationTypeName": "集水區治理類",
    "AnnouncementNo": "農企字第0970112247號",
    "AnnouncementDate": "民國131年03月13日",
    "LegalBasis": "行政院農業委員會林務局各林區管理處暫行組織規程",
    "Subject": "有關非都市土地國土保安用地之主管機關及工業區國土保安用地申請容許風力發電機組之審查標準一案，復如說明，請查照。",
    "Remark": ""
  },
  {
    "ExplanationId": "7717E86148C3439BB6FD5BB13252DEAE",
    "ExplanationDetialId": "ee2144739d614852a040d2e80a994628",
    "ExplanationRelatedId": "AB58545E2F424BB3A09E2DCDF75B0906",
    "ExplanationLevel": "R0",
    "RegulationId": "AB58545E2F424BB3A09E2DCDF75B0906",
    "RegulationTitle": "獎勵輔導造林辦法",
    "RegulationTypeName": "造林生產類",
    "AnnouncementNo": "農企字第0970112247號",
    "AnnouncementDate": "民國131年03月13日",
    "LegalBasis": "獎勵輔導造林辦法",
    "Subject": "有關非都市土地國土保安用地之主管機關及工業區國土保安用地申請容許風力發電機組之審查標準一案，復如說明，請查照。",
    "Remark": ""
  },
  {
    "ExplanationId": "7e7f4732f72b4af38bc95406e2b3178a",
    "ExplanationDetialId": "409dddd7091a482db65d94ba11a2fa2f",
    "ExplanationRelatedId": "6E2850ECA35644A7942C81C0AB791D7F",
    "ExplanationLevel": "R0",
    "RegulationId": "6E2850ECA35644A7942C81C0AB791D7F",
    "RegulationTitle": "國有林林產物處分規則",
    "RegulationTypeName": "造林生產類",
    "AnnouncementNo": "農授林務字第1021741225號",
    "AnnouncementDate": "民國84年11月17日",
    "LegalBasis": "國有林林產物處分規則",
    "Subject": "參與平地造林計畫之造林戶，關於天然災害現金救助是否有限制或排除適用案，復如說明，請查照。",
    "Remark": ""
  },
  {
    "ExplanationId": "80d268bcb564494a8a0062a8249e9c60",
    "ExplanationDetialId": "81f85dcf06544551927124e282e3192e",
    "ExplanationRelatedId": "42da90a2dd864469b0658d7b916527a1",
    "ExplanationLevel": "R2",
    "RegulationId": "073bc7bad41542e4bf966524f9091850",
    "RegulationTitle": "電子簽章法",
    "RegulationTypeName": "基本法規",
    "AnnouncementNo": "測試",
    "AnnouncementDate": "民國110年09月02日",
    "LegalBasis": "電子簽章法第1條",
    "Subject": "測試",
    "Remark": ""
  },
  {
    "ExplanationId": "8525277e983443cfaf66b656b56c9cf2",
    "ExplanationDetialId": "c5ec1460e7364184a38467354293d11d",
    "ExplanationRelatedId": "cdeff649d8f440779e663a005af2c0fc",
    "ExplanationLevel": "R0",
    "RegulationId": "cdeff649d8f440779e663a005af2c0fc",
    "RegulationTitle": "0916測試法規",
    "RegulationTypeName": "基本法規",
    "AnnouncementNo": "NO1",
    "AnnouncementDate": "民國110年09月16日",
    "LegalBasis": "0916測試法規",
    "Subject": "釋函",
    "Remark": ""
  },
  {
    "ExplanationId": "8e147ad94dfb4c81b445bdda9467194f",
    "ExplanationDetialId": "6456da5e03104c988ecdf8b77b93266f",
    "ExplanationRelatedId": "dcffa4b230f24b9aa0f407ea07baf8d2",
    "ExplanationLevel": "R2",
    "RegulationId": "8e797d6aa65142189604d1692c568809",
    "RegulationTitle": "具生產性私有林限制採伐補償要點",
    "RegulationTypeName": "造林生產類",
    "AnnouncementNo": "內政部92年1月15日台內地字第0920002107號函",
    "AnnouncementDate": "民國110年05月06日",
    "LegalBasis": "具生產性私有林限制採伐補償要點第一章第1條",
    "Subject": "依臺灣地區與大陸地區人民關係條例第69條規定核准取得之不動產，得依法申辦繼承登記",
    "Remark": "13465"
  },
  {
    "ExplanationId": "9e0118a4995c429c84d8a86864bd76f0",
    "ExplanationDetialId": "919b0cff2e6441dba20eda6bdcd3e172",
    "ExplanationRelatedId": "8c72114a8fe9401a9edcbe4a95db2962",
    "ExplanationLevel": "R2",
    "RegulationId": "a0e9188bfc324d74a88ab4ba6614dca7",
    "RegulationTitle": "土地登記規則",
    "RegulationTypeName": "林政管理類",
    "AnnouncementNo": "內政部110年6月8日台內地字第1100263097號公告",
    "AnnouncementDate": "民國110年07月09日",
    "LegalBasis": "土地登記規則第一章第3條",
    "Subject": "公告延長跨直轄市、縣（市）申請土地登記之登記項目試辦日期。",
    "Remark": ""
  },
  {
    "ExplanationId": "a5c02370b66a46b89414668438a8fdf1",
    "ExplanationDetialId": "b046415f077243ae8b97b36c21c7d60b",
    "ExplanationRelatedId": "545AF658962F41BC9CD96F50607AC527",
    "ExplanationLevel": "R2",
    "RegulationId": "B7368501C94E45A78DF255C9AEBBA27A",
    "RegulationTitle": "森林法",
    "RegulationTypeName": "基本法規",
    "AnnouncementNo": "林治字第0931607180號",
    "AnnouncementDate": "民國93年04月23日",
    "LegalBasis": "森林法第二章第5條",
    "Subject": "貴處函詢荔枝栽植於保安林區域內租地造林地，可否作為契約之造林樹種辦理續租案，復請查照。",
    "Remark": ""
  },
  {
    "ExplanationId": "A8C04928D058467AAACD855269237B5D",
    "ExplanationDetialId": "7363b14340d24422aa3763af3d431a42",
    "ExplanationRelatedId": "6E2850ECA35644A7942C81C0AB791D7F",
    "ExplanationLevel": "R0",
    "RegulationId": "6E2850ECA35644A7942C81C0AB791D7F",
    "RegulationTitle": "國有林林產物處分規則",
    "RegulationTypeName": "造林生產類",
    "AnnouncementNo": "林造字第0991740080號",
    "AnnouncementDate": "民國133年01月13日",
    "LegalBasis": "國有林林產物處分規則",
    "Subject": "貴府函詢參加獎勵造林之農牧用地，發生法拍或所有權移轉，繼受土地之所有人不願繼續撫育造林，其林木得否准予自行處分疑義1案，復如說明，請查照。",
    "Remark": ""
  },
  {
    "ExplanationId": "A8C04928D058467AAACD855269237B5D",
    "ExplanationDetialId": "d4bba8a58c88407bb3b440ed7f77fb05",
    "ExplanationRelatedId": "414378CF63274609B7EA06B7B430DABF",
    "ExplanationLevel": "R1",
    "RegulationId": "B7368501C94E45A78DF255C9AEBBA27A",
    "RegulationTitle": "森林法",
    "RegulationTypeName": "基本法規",
    "AnnouncementNo": "林造字第0991740080號",
    "AnnouncementDate": "民國133年01月13日",
    "LegalBasis": "森林法第二章",
    "Subject": "貴府函詢參加獎勵造林之農牧用地，發生法拍或所有權移轉，繼受土地之所有人不願繼續撫育造林，其林木得否准予自行處分疑義1案，復如說明，請查照。",
    "Remark": ""
  },
  {
    "ExplanationId": "A8C04928D058467AAACD855269237B5D",
    "ExplanationDetialId": "ffd052ab651944c89cb420fad36efeec",
    "ExplanationRelatedId": "D91294FEAC5E48B485770A0044304C49",
    "ExplanationLevel": "R2",
    "RegulationId": "1b24de1f985041a180d7bf9d23c497ba",
    "RegulationTitle": "林產物伐採查驗規則",
    "RegulationTypeName": "森林企劃類",
    "AnnouncementNo": "林造字第0991740080號",
    "AnnouncementDate": "民國133年01月13日",
    "LegalBasis": "林產物伐採查驗規則第一章第2條",
    "Subject": "貴府函詢參加獎勵造林之農牧用地，發生法拍或所有權移轉，繼受土地之所有人不願繼續撫育造林，其林木得否准予自行處分疑義1案，復如說明，請查照。",
    "Remark": ""
  },
  {
    "ExplanationId": "af755ed8073e4d62a2feab0fe0f7a8cc",
    "ExplanationDetialId": "652fa8bb545849f58d1e47e0fe088339",
    "ExplanationRelatedId": "9ff6eb49b5b74b8a886182d1ce9720ce",
    "ExplanationLevel": "R0",
    "RegulationId": "9ff6eb49b5b74b8a886182d1ce9720ce",
    "RegulationTitle": "行政院農業委員會林務局各林區管理處暫行組織規程",
    "RegulationTypeName": "集水區治理類",
    "AnnouncementNo": "test1111",
    "AnnouncementDate": "民國110年07月09日",
    "LegalBasis": "行政院農業委員會林務局各林區管理處暫行組織規程",
    "Subject": "test1111",
    "Remark": ""
  },
  {
    "ExplanationId": "B486BA6A417D4ECE89BF80D2B8501E13",
    "ExplanationDetialId": "75ACDD6F0B09421FAB359843855221E5",
    "ExplanationRelatedId": "B7368501C94E45A78DF255C9AEBBA27A",
    "ExplanationLevel": "R0",
    "RegulationId": "B7368501C94E45A78DF255C9AEBBA27A",
    "RegulationTitle": "森林法",
    "RegulationTypeName": "基本法規",
    "AnnouncementNo": "林治字第0971604694號",
    "AnnouncementDate": "民國97年03月17日",
    "LegalBasis": "森林法",
    "Subject": "貴處函報瑞穗鄉公所申請解除編號2624號水源涵養保安林一部案，復請查照。",
    "Remark": "備註內容說明"
  },
  {
    "ExplanationId": "B8ECE6BAB2F04E7EA248443ECB493488",
    "ExplanationDetialId": "285add4bf82049349c6e7be4a306e652",
    "ExplanationRelatedId": "414378CF63274609B7EA06B7B430DABF",
    "ExplanationLevel": "R1",
    "RegulationId": "B7368501C94E45A78DF255C9AEBBA27A",
    "RegulationTitle": "森林法",
    "RegulationTypeName": "基本法規",
    "AnnouncementNo": "農企字第0970112245號521測試0709",
    "AnnouncementDate": "民國131年03月10日",
    "LegalBasis": "森林法第二章",
    "Subject": "有關非都市土地國土保安用地之主管機關及工業區國土保安用地申請容許風力發電機組之審查標準一案，復如說明，請查照。",
    "Remark": ""
  },
  {
    "ExplanationId": "B8ECE6BAB2F04E7EA248443ECB493488",
    "ExplanationDetialId": "47dda03da40847adbba26712b635f3e4",
    "ExplanationRelatedId": "1675b5d13b7d40f99b7b7fb1388a6c0c",
    "ExplanationLevel": "R1",
    "RegulationId": "8e797d6aa65142189604d1692c568809",
    "RegulationTitle": "具生產性私有林限制採伐補償要點",
    "RegulationTypeName": "造林生產類",
    "AnnouncementNo": "農企字第0970112245號521測試0709",
    "AnnouncementDate": "民國131年03月10日",
    "LegalBasis": "具生產性私有林限制採伐補償要點第一章",
    "Subject": "有關非都市土地國土保安用地之主管機關及工業區國土保安用地申請容許風力發電機組之審查標準一案，復如說明，請查照。",
    "Remark": ""
  },
  {
    "ExplanationId": "bba21ea29b3f49e58e31022b92d86c78",
    "ExplanationDetialId": "b798318d88664aceb2d738a340cb0ccb",
    "ExplanationRelatedId": "AB58545E2F424BB3A09E2DCDF75B0906",
    "ExplanationLevel": "R0",
    "RegulationId": "AB58545E2F424BB3A09E2DCDF75B0906",
    "RegulationTitle": "獎勵輔導造林辦法",
    "RegulationTypeName": "造林生產類",
    "AnnouncementNo": "農林務字第0990116844號",
    "AnnouncementDate": "民國66年04月14日",
    "LegalBasis": "獎勵輔導造林辦法",
    "Subject": "有關貴公所建議本會儘速檢討獎勵造林及林業經營政策，並加強塔曼山水土保持工作等情一案，復如說明，請查照。",
    "Remark": ""
  },
  {
    "ExplanationId": "c2a3d1305e854583889307cbd83c4423",
    "ExplanationDetialId": "2509fd4b2441480e88e61801f5103903",
    "ExplanationRelatedId": "5603bb6f92274130be6252cc41312f89",
    "ExplanationLevel": "R2",
    "RegulationId": "1a20a4405cb949e0947a6a0aede5492c",
    "RegulationTitle": "非都市土地使用管制規則",
    "RegulationTypeName": "森林企劃類",
    "AnnouncementNo": "內政部七十三年十一月二十九日台（七三）內地字第二六六六六一號函",
    "AnnouncementDate": "民國73年11月29日",
    "LegalBasis": "非都市土地使用管制規則第一章第4條",
    "Subject": "非都市土地使用編定後因禁建期滿尚未依法發布實施特定區計畫等應如何管制事宜",
    "Remark": ""
  },
  {
    "ExplanationId": "c6107fc245d14e8e8819b553f3ee9602",
    "ExplanationDetialId": "798d69c47e4d45c7971289394284792a",
    "ExplanationRelatedId": "c1d29a7c5a934d30a12aaeaa00be9731",
    "ExplanationLevel": "R2",
    "RegulationId": "5d1973e0fcd74c17a764b3f18196801d",
    "RegulationTitle": "農業用地興建農舍辦法",
    "RegulationTypeName": "行政類",
    "AnnouncementNo": "地政機關配合農業用地興建農舍辦法第12條",
    "AnnouncementDate": "民國102年10月30日",
    "LegalBasis": "農業用地興建農舍辦法第12條",
    "Subject": "地政機關配合農業用地興建農舍辦法第12條規定辦理註記登記之處理方式",
    "Remark": ""
  },
  {
    "ExplanationId": "dc9de2f70e504c29b133f6830dd15a8e",
    "ExplanationDetialId": "f9774ada6d4b4fc0905de7b0f3e9250a",
    "ExplanationRelatedId": "ad2173e23c314fa3be8e97b494c4e7a1",
    "ExplanationLevel": "R2",
    "RegulationId": "9ff6eb49b5b74b8a886182d1ce9720ce",
    "RegulationTitle": "行政院農業委員會林務局各林區管理處暫行組織規程",
    "RegulationTypeName": "集水區治理類",
    "AnnouncementNo": "test111207/09",
    "AnnouncementDate": "民國110年07月09日",
    "LegalBasis": "行政院農業委員會林務局各林區管理處暫行組織規程總章第2條",
    "Subject": "test1112",
    "Remark": "test1112"
  },
  {
    "ExplanationId": "e3b5b223fc394a3aadaf4959e404348c",
    "ExplanationDetialId": "e2b7c535f3744753bc94fb7a379997a7",
    "ExplanationRelatedId": "b3c3d24503634cd1ae300cddd53e5857",
    "ExplanationLevel": "R2",
    "RegulationId": "073bc7bad41542e4bf966524f9091850",
    "RegulationTitle": "電子簽章法",
    "RegulationTypeName": "基本法規",
    "AnnouncementNo": "台內地字第1100262594號令",
    "AnnouncementDate": "民國110年05月13日",
    "LegalBasis": "電子簽章法第4條",
    "Subject": "捷克人得在我國取得或設定農業用地以外之土地權利",
    "Remark": ""
  },
  {
    "ExplanationId": "e3b5b223fc394a3aadaf4959e404348c",
    "ExplanationDetialId": "fe686aad1f7249aeac1dbac1a5827ee7",
    "ExplanationRelatedId": "42da90a2dd864469b0658d7b916527a1",
    "ExplanationLevel": "R2",
    "RegulationId": "073bc7bad41542e4bf966524f9091850",
    "RegulationTitle": "電子簽章法",
    "RegulationTypeName": "基本法規",
    "AnnouncementNo": "台內地字第1100262594號令",
    "AnnouncementDate": "民國110年05月13日",
    "LegalBasis": "電子簽章法第1條",
    "Subject": "捷克人得在我國取得或設定農業用地以外之土地權利",
    "Remark": ""
  },
  {
    "ExplanationId": "e79a7b1bdd8a4c57afcecd4ac2662562",
    "ExplanationDetialId": "17f7a55c44b94cc68e22e95cad693a90",
    "ExplanationRelatedId": "B7368501C94E45A78DF255C9AEBBA27A",
    "ExplanationLevel": "R0",
    "RegulationId": "B7368501C94E45A78DF255C9AEBBA27A",
    "RegulationTitle": "森林法",
    "RegulationTypeName": "基本法規",
    "AnnouncementNo": "林造字第1001620990號",
    "AnnouncementDate": "民國100年10月17日",
    "LegalBasis": "森林法",
    "Subject": "有關非都市土地之山坡地申請「臨時工廠登記」，是否需繳納「山坡地開發利用回饋金」案，復如說明，請 查照。",
    "Remark": ""
  },
  {
    "ExplanationId": "f053ffaef75344f19d901254c925c226",
    "ExplanationDetialId": "2c71143828bb45c58ea32a7566bf73c3",
    "ExplanationRelatedId": "B7368501C94E45A78DF255C9AEBBA27A",
    "ExplanationLevel": "R0",
    "RegulationId": "B7368501C94E45A78DF255C9AEBBA27A",
    "RegulationTitle": "森林法",
    "RegulationTypeName": "基本法規",
    "AnnouncementNo": "林企字第0951710918號",
    "AnnouncementDate": "民國95年10月08日",
    "LegalBasis": "森林法",
    "Subject": "有關貴府函詢都市計畫區保護區﹝地目林﹞國有土地，是否屬森林法施行細則第3條規定之「林地」案，復如說明，請查照。",
    "Remark": ""
  }
]