[
  {
    "AttachId": "b4941ca6b77842e8a4237df9b7b822a0",
    "AttachName": "申請表 (14)",
    "AttachRelatedId": "9ff6eb49b5b74b8a886182d1ce9720ce",
    "AttachLevel": "R0",
    "AttachFileExt": ".docx",
    "UpActualFileName": "202105262020419939"
  },
  {
    "AttachId": "feb1aaeb180c4806a5537b51b01c28e8",
    "AttachName": "申請表 (14) (1)",
    "AttachRelatedId": "1675b5d13b7d40f99b7b7fb1388a6c0c",
    "AttachLevel": "R1",
    "AttachFileExt": ".docx",
    "UpActualFileName": "202105271037057168"
  },
  {
    "AttachId": "4708f2f5d58e48e19a69a7c62c665e33",
    "AttachName": "林管處檢核表 (9)",
    "AttachRelatedId": "dcffa4b230f24b9aa0f407ea07baf8d2",
    "AttachLevel": "R2",
    "AttachFileExt": ".docx",
    "UpActualFileName": "202105271047312619"
  },
  {
    "AttachId": "c4238550a4cc44abaa7206c2691ebd45",
    "AttachName": "占用現況照片 (14)",
    "AttachRelatedId": "                                ",
    "AttachLevel": "F0",
    "AttachFileExt": ".docx",
    "UpActualFileName": "202105271129046074"
  },
  {
    "AttachId": "3b19ddda8507459faef5b84f620b2d62",
    "AttachName": "切結書 (18)",
    "AttachRelatedId": "9ff6eb49b5b74b8a886182d1ce9720ce",
    "AttachLevel": "R0",
    "AttachFileExt": ".docx",
    "UpActualFileName": "202105262016466448"
  },
  {
    "AttachId": "7b555d688f7b4db18358dce793eb8a1d",
    "AttachName": "切結書 (18)",
    "AttachRelatedId": "504367d5f3c649f8b8e19b53119a7ec9",
    "AttachLevel": "R1",
    "AttachFileExt": ".docx",
    "UpActualFileName": "202105261834494290"
  },
  {
    "AttachId": "d3344d356e7941e0a39d24e9ca6aac5d",
    "AttachName": "租地現況照片 (43)",
    "AttachRelatedId": "504367d5f3c649f8b8e19b53119a7ec9",
    "AttachLevel": "R1",
    "AttachFileExt": ".docx",
    "UpActualFileName": "202105261926579649"
  },
  {
    "AttachId": "ff7ddf03480e48cb84e905026ac95b31",
    "AttachName": "林管處檢核表 (9)",
    "AttachRelatedId": "ab88e2161c384e85a3e2a8e4ed9b690d",
    "AttachLevel": "R1",
    "AttachFileExt": ".docx",
    "UpActualFileName": "202105262046392880"
  },
  {
    "AttachId": "09b1507633e646f0a49c1137c07d1c5c",
    "AttachName": "林管處檢核表 (9)",
    "AttachRelatedId": "504367d5f3c649f8b8e19b53119a7ec9",
    "AttachLevel": "R1",
    "AttachFileExt": ".docx",
    "UpActualFileName": "202105261851272536"
  },
  {
    "AttachId": "b91756cb75684de0a452c31d69cfefd1",
    "AttachName": "切結書 (18)",
    "AttachRelatedId": "B8ECE6BAB2F04E7EA248443ECB493488",
    "AttachLevel": "E0",
    "AttachFileExt": ".docx",
    "UpActualFileName": "202105261856519498"
  },
  {
    "AttachId": "edde894ad86c4b428e228659eb04eb20",
    "AttachName": "切結書 (18)",
    "AttachRelatedId": "ad2173e23c314fa3be8e97b494c4e7a1",
    "AttachLevel": "R2",
    "AttachFileExt": ".docx",
    "UpActualFileName": "202105270935052951"
  },
  {
    "AttachId": "51b66543f7f34443bae2b3a386d7f692",
    "AttachName": "申請表 (13)",
    "AttachRelatedId": "ab88e2161c384e85a3e2a8e4ed9b690d",
    "AttachLevel": "R1",
    "AttachFileExt": ".docx",
    "UpActualFileName": "202105262035001917"
  },
  {
    "AttachId": "9d3e10d6df7c4e9abc3e6582eaad0f10",
    "AttachName": "個人領據.範本 (9)",
    "AttachRelatedId": "8e147ad94dfb4c81b445bdda9467194f",
    "AttachLevel": "E0",
    "AttachFileExt": ".docx",
    "UpActualFileName": "202105271102568631"
  },
  {
    "AttachId": "39ea5ba007644aebaf391989fbc08dca",
    "AttachName": "切結書 (18)",
    "AttachRelatedId": "44260533d6fa42c382247ae3a89726cf",
    "AttachLevel": "L0",
    "AttachFileExt": ".docx",
    "UpActualFileName": "202105271728251759"
  },
  {
    "AttachId": "ae4727bdb9744feaa85f0e917ffd6c56",
    "AttachName": "個人領據.範本 (9) (1)",
    "AttachRelatedId": "54f0e913afcd4a2ab4950b489c107f6d",
    "AttachLevel": "F0",
    "AttachFileExt": ".docx",
    "UpActualFileName": "202105290010268961"
  },
  {
    "AttachId": "30f4d91909394446ba22ee090580ed0c",
    "AttachName": "租地現況照片 (43)",
    "AttachRelatedId": "0b729c3499244098bc551fb947598c40",
    "AttachLevel": "F0",
    "AttachFileExt": ".docx",
    "UpActualFileName": "202105311358241418"
  },
  {
    "AttachId": "260B3CE3C023431F8A44B3E31FAA2EE7",
    "AttachName": "租地現況照片 (43)",
    "AttachRelatedId": "2896a3bda75641b2ae292f30a045b866",
    "AttachLevel": "F0",
    "AttachFileExt": ".docx",
    "UpActualFileName": "202105311358241418"
  },
  {
    "AttachId": "5578610f85e6484cb7f1b1fbcf542e93",
    "AttachName": "申請表 (14) (2)",
    "AttachRelatedId": "2896a3bda75641b2ae292f30a045b866",
    "AttachLevel": "F0",
    "AttachFileExt": ".docx",
    "UpActualFileName": "202105311411247005"
  },
  {
    "AttachId": "746e5e0246a94e57877fef1acbced877",
    "AttachName": "dog1",
    "AttachRelatedId": "a449b7d1012f4f4eab2e7c91cd8678b0",
    "AttachLevel": "F0",
    "AttachFileExt": ".jpeg",
    "UpActualFileName": "202105311013059149"
  },
  {
    "AttachId": "4313732aa1ef42d3bddb27deb477362a",
    "AttachName": "申請表 (14) (1)",
    "AttachRelatedId": "5f3794ff5455487f8a450760022a38ff",
    "AttachLevel": "F0",
    "AttachFileExt": ".docx",
    "UpActualFileName": "202105311033526316"
  },
  {
    "AttachId": "a1ba3fa2e01f463ca0aef066e299fe15",
    "AttachName": "申請表 (14)",
    "AttachRelatedId": "56ac2b2a524d4a31a574d8d22bb7e946",
    "AttachLevel": "F0",
    "AttachFileExt": ".docx",
    "UpActualFileName": "202105311136517738"
  },
  {
    "AttachId": "ad475f919ee942c19617796144a18d60",
    "AttachName": "TGO (7) (2)",
    "AttachRelatedId": "8525277e983443cfaf66b656b56c9cf2",
    "AttachLevel": "E0",
    "AttachFileExt": ".xls",
    "UpActualFileName": "202109161625198929"
  },
  {
    "AttachId": "bdd8d38c875c470b9ad28e5dfaa66221",
    "AttachName": "雲層",
    "AttachRelatedId": "75e51a27c4d74cc3b6570945349266af",
    "AttachLevel": "F0",
    "AttachFileExt": ".jpg",
    "UpActualFileName": "202105311029581048"
  },
  {
    "AttachId": "fa8115d20d9b48bbac9545825f948b4b",
    "AttachName": "收回區域管理",
    "AttachRelatedId": "B8ECE6BAB2F04E7EA248443ECB493488",
    "AttachLevel": "E0",
    "AttachFileExt": ".xls",
    "UpActualFileName": "202106011728442381"
  },
  {
    "AttachId": "51b01728fd774cac8af97240747ca7df",
    "AttachName": "TGO",
    "AttachRelatedId": "44260533d6fa42c382247ae3a89726cf",
    "AttachLevel": "L0",
    "AttachFileExt": ".xls",
    "UpActualFileName": "202106142012462598"
  },
  {
    "AttachId": "1a6921bea56a4cc9b24b5cf6e111bb4a",
    "AttachName": "TGO (2)",
    "AttachRelatedId": "dcffa4b230f24b9aa0f407ea07baf8d2",
    "AttachLevel": "R2",
    "AttachFileExt": ".xls",
    "UpActualFileName": "202106142016010439"
  },
  {
    "AttachId": "2caf0a33d09744199c19e2edb4cad838",
    "AttachName": "110年6月8日台內地字第1100263097號",
    "AttachRelatedId": "9e0118a4995c429c84d8a86864bd76f0",
    "AttachLevel": "E0",
    "AttachFileExt": ".pdf",
    "UpActualFileName": "202107091748168690"
  },
  {
    "AttachId": "07f710e5ea2f4094afdb64321539606b",
    "AttachName": "內政部令",
    "AttachRelatedId": "073bc7bad41542e4bf966524f9091850",
    "AttachLevel": "R0",
    "AttachFileExt": ".pdf",
    "UpActualFileName": "202107121639532541"
  },
  {
    "AttachId": "19f0b9d0e75144c3a0cb4bb589d8f895",
    "AttachName": "內政部110年6月1日台內地字第1100262356號公告",
    "AttachRelatedId": "073bc7bad41542e4bf966524f9091850",
    "AttachLevel": "R0",
    "AttachFileExt": ".pdf",
    "UpActualFileName": "202107121639532616"
  },
  {
    "AttachId": "9d4dc21b6e61449b9028a45a9fe3ca76",
    "AttachName": "附表二之二：應申請變更開發計畫或製作變更內容對照表備查認定原則表",
    "AttachRelatedId": "1a20a4405cb949e0947a6a0aede5492c",
    "AttachLevel": "R0",
    "AttachFileExt": ".pdf",
    "UpActualFileName": "202107121728591550"
  },
  {
    "AttachId": "0e0e18a8c7c148a79602ad218a46479a",
    "AttachName": "林管處檢核表 (7)",
    "AttachRelatedId": "67714099be6844929e31625c867a1294",
    "AttachLevel": "F0",
    "AttachFileExt": ".docx",
    "UpActualFileName": "202109021717257833"
  },
  {
    "AttachId": "a4da0e4ff8b44f7d8672624c7e062945",
    "AttachName": "內政部110年6月1日台內地字第1100262356號公告",
    "AttachRelatedId": "18b7dcacd0084ab3b0f62de74e6ebcd1",
    "AttachLevel": "E0",
    "AttachFileExt": ".pdf",
    "UpActualFileName": "202107121144323163"
  },
  {
    "AttachId": "d4260382e28848509762bab6b586041e",
    "AttachName": "內政部令",
    "AttachRelatedId": "e3b5b223fc394a3aadaf4959e404348c",
    "AttachLevel": "E0",
    "AttachFileExt": ".pdf",
    "UpActualFileName": "202107121416385675"
  },
  {
    "AttachId": "7b9e2778b3e04e388a7db62ff35bfaa2",
    "AttachName": "附表三：使用分區內各種使用地變更編定原則表",
    "AttachRelatedId": "1a20a4405cb949e0947a6a0aede5492c",
    "AttachLevel": "R0",
    "AttachFileExt": ".pdf",
    "UpActualFileName": "202107121728591610"
  },
  {
    "AttachId": "09e3274bbd4e49398240fda036de95ab",
    "AttachName": "附表一之一：海域用地容許使用項目及區位許可使用細目表",
    "AttachRelatedId": "1a20a4405cb949e0947a6a0aede5492c",
    "AttachLevel": "R0",
    "AttachFileExt": ".pdf",
    "UpActualFileName": "202107121728591799"
  },
  {
    "AttachId": "3461270863794d97b3058ded4452a6ae",
    "AttachName": "附表一：各種使用地容許使用項目及許可使用細目表",
    "AttachRelatedId": "1a20a4405cb949e0947a6a0aede5492c",
    "AttachLevel": "R0",
    "AttachFileExt": ".pdf",
    "UpActualFileName": "202107121728592418"
  },
  {
    "AttachId": "ff37ce9e3739461c859ad38b06737f4b",
    "AttachName": "附表一之三：海域用地區位許可審議流程",
    "AttachRelatedId": "1a20a4405cb949e0947a6a0aede5492c",
    "AttachLevel": "R0",
    "AttachFileExt": ".pdf",
    "UpActualFileName": "202107121729360170"
  },
  {
    "AttachId": "a767df1a0e934b049a8b6954a2d28b4d",
    "AttachName": "非都市土地變更編定申請書",
    "AttachRelatedId": "8e80f03e3a194b6398a7a5436d9ecf35",
    "AttachLevel": "F0",
    "AttachFileExt": ".doc",
    "UpActualFileName": "202107121731358175"
  },
  {
    "AttachId": "ea47b53561a74bb9999a525da7e98bf2",
    "AttachName": "山坡地開發建築面積免受10公頃限制",
    "AttachRelatedId": "8e80f03e3a194b6398a7a5436d9ecf35",
    "AttachLevel": "F0",
    "AttachFileExt": ".ods",
    "UpActualFileName": "202107121731358185"
  },
  {
    "AttachId": "fdcf921060a747a299c5ec8989d24c5d",
    "AttachName": "申請表 (14) (1)",
    "AttachRelatedId": "b662e4bdbe774388b77bb7254df723ff",
    "AttachLevel": "L0",
    "AttachFileExt": ".docx",
    "UpActualFileName": "202107131615589175"
  },
  {
    "AttachId": "86c75717ae6746219c1bf97d87c0c4a2",
    "AttachName": "自治條例法制作業流程圖",
    "AttachRelatedId": "40ef33c3adf54ba198ba035759d55bb5",
    "AttachLevel": "F0",
    "AttachFileExt": ".pdf",
    "UpActualFileName": "202107131740303006"
  },
  {
    "AttachId": "5503fff7497d4bb682fa0ee1e3fa4e5e",
    "AttachName": "本府及所屬各機關辦理主管法規草案預告作業流程圖",
    "AttachRelatedId": "40ef33c3adf54ba198ba035759d55bb5",
    "AttachLevel": "F0",
    "AttachFileExt": ".pdf",
    "UpActualFileName": "202107131740303006"
  },
  {
    "AttachId": "9e2ebc4ad1254d29ab3f5683bea292c1",
    "AttachName": "e指通教育訓練",
    "AttachRelatedId": "2f05953073c34d19bdadb814932a8c06",
    "AttachLevel": "L0",
    "AttachFileExt": ".pdf",
    "UpActualFileName": "202107131745291397"
  },
  {
    "AttachId": "12dce2a6ecc3454ebb8994c2a04315a1",
    "AttachName": "附表",
    "AttachRelatedId": "8a25addeea484f78874955438e9a9021",
    "AttachLevel": "R2",
    "AttachFileExt": ".pdf",
    "UpActualFileName": "202107131759123749"
  },
  {
    "AttachId": "7695356f12794cd5bdd611c845e922c8",
    "AttachName": "地政機關配合農業用地興建農舍辦法第12條規定辦理註記登記之處理方式",
    "AttachRelatedId": "c6107fc245d14e8e8819b553f3ee9602",
    "AttachLevel": "E0",
    "AttachFileExt": ".pdf",
    "UpActualFileName": "202107131803353957"
  },
  {
    "AttachId": "347247410d204f80875abbe394abafeb",
    "AttachName": "簡報1",
    "AttachRelatedId": "1a20a4405cb949e0947a6a0aede5492c",
    "AttachLevel": "R0",
    "AttachFileExt": ".pptx",
    "UpActualFileName": "202107141806064991"
  },
  {
    "AttachId": "63ad75e0e9bf44fd91405cb25e2b0b78",
    "AttachName": "林管處檢核表 (7)",
    "AttachRelatedId": "11c2130126a6485cbfdab285091cb3b7",
    "AttachLevel": "L0",
    "AttachFileExt": ".docx",
    "UpActualFileName": "202109021629342876"
  },
  {
    "AttachId": "29d71213603a45939cc6614a28f39ac9",
    "AttachName": "QRCode-20210914 (4)",
    "AttachRelatedId": "6e0c907bc9eb430bb659aa006516d667",
    "AttachLevel": "E0",
    "AttachFileExt": ".pdf",
    "UpActualFileName": "202109161610487431"
  },
  {
    "AttachId": "9c5b1e6b4cb74023a38ddce0d0ccc23b",
    "AttachName": "QRCode-20210901 (1)",
    "AttachRelatedId": "d833c3b9ae4d499ba2cdf762ff494b00",
    "AttachLevel": "L0",
    "AttachFileExt": ".pdf",
    "UpActualFileName": "202109161636167251"
  },
  {
    "AttachId": "9a6564dd89d54da58ba9fe0d6287ad6d",
    "AttachName": "QRCode-20210901",
    "AttachRelatedId": "d833c3b9ae4d499ba2cdf762ff494b00",
    "AttachLevel": "L0",
    "AttachFileExt": ".pdf",
    "UpActualFileName": "202109161636167490"
  },
  {
    "AttachId": "a0196b4ad040492196b5a4a9f24081bb",
    "AttachName": "內政部令",
    "AttachRelatedId": "11c2130126a6485cbfdab285091cb3b7",
    "AttachLevel": "L0",
    "AttachFileExt": ".pdf",
    "UpActualFileName": "202107121647066882"
  },
  {
    "AttachId": "7a1e4daffcda45fab7be7008a563e6a7",
    "AttachName": "TGO (7)",
    "AttachRelatedId": "b7a6ad6afa8f4362ba03b5184a9795a0",
    "AttachLevel": "F0",
    "AttachFileExt": ".xls",
    "UpActualFileName": "202107121647280990"
  },
  {
    "AttachId": "8eb5e43dbf7740cb8c0b90acb48d4e8e",
    "AttachName": "附表五：非都市土地許可使用申請書",
    "AttachRelatedId": "1a20a4405cb949e0947a6a0aede5492c",
    "AttachLevel": "R0",
    "AttachFileExt": ".pdf",
    "UpActualFileName": "202107121728591380"
  },
  {
    "AttachId": "3d9e31ad169041b0a9f32a0ec8fc4923",
    "AttachName": "附表四：非都市土地變更編定申請書",
    "AttachRelatedId": "1a20a4405cb949e0947a6a0aede5492c",
    "AttachLevel": "R0",
    "AttachFileExt": ".pdf",
    "UpActualFileName": "202107121728591420"
  },
  {
    "AttachId": "153583dab4184ec889e784eca7fa5aad",
    "AttachName": "附表二：使用分區及使用地變更計畫一併申請案件之審議流程圖",
    "AttachRelatedId": "1a20a4405cb949e0947a6a0aede5492c",
    "AttachLevel": "R0",
    "AttachFileExt": ".pdf",
    "UpActualFileName": "202107121728591480"
  },
  {
    "AttachId": "ec2a0cd9471e40ac9e5ee96178e47b07",
    "AttachName": "附表二之一：先辦理使用分區再辦理使用地變更計畫許可案件之審議流程圖",
    "AttachRelatedId": "1a20a4405cb949e0947a6a0aede5492c",
    "AttachLevel": "R0",
    "AttachFileExt": ".pdf",
    "UpActualFileName": "202107121728591540"
  },
  {
    "AttachId": "927c9ba047854c9bab2445b651c67210",
    "AttachName": "附表一之二：海域用地區位許可申請書",
    "AttachRelatedId": "1a20a4405cb949e0947a6a0aede5492c",
    "AttachLevel": "R0",
    "AttachFileExt": ".pdf",
    "UpActualFileName": "202107121728591779"
  },
  {
    "AttachId": "e7574554b46e494b83e134c38bd0fe56",
    "AttachName": "非都市土地變更編定申請書-範例",
    "AttachRelatedId": "8e80f03e3a194b6398a7a5436d9ecf35",
    "AttachLevel": "F0",
    "AttachFileExt": ".odt",
    "UpActualFileName": "202107121731358095"
  },
  {
    "AttachId": "0e2558cfd8c84a7ab4bf58a9e562b7e3",
    "AttachName": "非都市土地變更編定申請書-範例",
    "AttachRelatedId": "8e80f03e3a194b6398a7a5436d9ecf35",
    "AttachLevel": "F0",
    "AttachFileExt": ".doc",
    "UpActualFileName": "202107121731358095"
  },
  {
    "AttachId": "888e48b3da9d4043a86ab461f8b9d30b",
    "AttachName": "非都市土地變更編定申請書",
    "AttachRelatedId": "8e80f03e3a194b6398a7a5436d9ecf35",
    "AttachLevel": "F0",
    "AttachFileExt": ".odt",
    "UpActualFileName": "202107121731358135"
  },
  {
    "AttachId": "27109504a48347afbf93f01a98ec2c45",
    "AttachName": "非都市土地變更編定作業流程說明",
    "AttachRelatedId": "8e80f03e3a194b6398a7a5436d9ecf35",
    "AttachLevel": "F0",
    "AttachFileExt": ".odt",
    "UpActualFileName": "202107121731358215"
  },
  {
    "AttachId": "c9d39fbee7bf48bea328df13e2de16d1",
    "AttachName": "山坡地開發建築面積免受10公頃限制",
    "AttachRelatedId": "8e80f03e3a194b6398a7a5436d9ecf35",
    "AttachLevel": "F0",
    "AttachFileExt": ".xls",
    "UpActualFileName": "202107121731358205"
  },
  {
    "AttachId": "5dbeb69537c242d7b46e9931116a4b0b",
    "AttachName": "非都市土地變更編定作業流程說明",
    "AttachRelatedId": "8e80f03e3a194b6398a7a5436d9ecf35",
    "AttachLevel": "F0",
    "AttachFileExt": ".doc",
    "UpActualFileName": "202107121731358624"
  },
  {
    "AttachId": "5acc3dfea83a4df690980d6a961c80b2",
    "AttachName": "非都市土地變更編定標準作業程序",
    "AttachRelatedId": "8e80f03e3a194b6398a7a5436d9ecf35",
    "AttachLevel": "F0",
    "AttachFileExt": ".pdf",
    "UpActualFileName": "202107121731358175"
  },
  {
    "AttachId": "fda7f4cf236a406fa7af5d7485042e6a",
    "AttachName": "附表",
    "AttachRelatedId": "8a25addeea484f78874955438e9a9021",
    "AttachLevel": "R2",
    "AttachFileExt": ".doc",
    "UpActualFileName": "202107131759123749"
  },
  {
    "AttachId": "D9AB908B75FF450DBF098916208A9095",
    "AttachName": "自治條例法制作業流程圖",
    "AttachRelatedId": "687753c5ea2a4500b91944839f5b818d",
    "AttachLevel": "F0",
    "AttachFileExt": ".pdf",
    "UpActualFileName": "202107131740303006"
  },
  {
    "AttachId": "A65B3EDA5E194BFB91B49791736F9F6E",
    "AttachName": "本府及所屬各機關辦理主管法規草案預告作業流程圖",
    "AttachRelatedId": "687753c5ea2a4500b91944839f5b818d",
    "AttachLevel": "F0",
    "AttachFileExt": ".pdf",
    "UpActualFileName": "202107131740303006"
  },
  {
    "AttachId": "f030167a9e844f1483a457729959f559",
    "AttachName": "內政部令 (1)",
    "AttachRelatedId": "80d268bcb564494a8a0062a8249e9c60",
    "AttachLevel": "E0",
    "AttachFileExt": ".pdf",
    "UpActualFileName": "202109021707581079"
  },
  {
    "AttachId": "383ad71f946647d7b93ce40ca4d13ab5",
    "AttachName": "林管處檢核表 (6)",
    "AttachRelatedId": "c08566bb070546c89d4d0942d6271470",
    "AttachLevel": "E0",
    "AttachFileExt": ".docx",
    "UpActualFileName": "202109161626318436"
  }
]