[
  {
    "LazyFlowId": "0BCDABF6C3EA40F9AE023BAC81ACFE4F",
    "LazyId": "5069A13B95974606ABD5D680B3004079",
    "FlowId": "1d1aa58bfa6f4a398aa9624ff12a75af",
    "FlowEditionId": "4964D5E8EE9E4A5DAC4EE16EAECB7D15",
    "FlowName": "森林法第8條公共設施及公用事業用地撥用",
    "ResponsibleOrganizer": "農委會、林務局",
    "Coorganiser": "縣(市)政府、內政部、原民會",
    "Suitable": "各級政府機關、學校、公(民)營公用事業機構",
    "Edition": "3",
    "RegulationTitle": "林產物伐採查驗規則、國有林地事業區出租造林地管理要點、水土保持法",
    "PictureName": null
  },
  {
    "LazyFlowId": "EBDCDE245B914FD3B84AEC25A7E1FFE5",
    "LazyId": "836C56A1983D4F30A4992C26D4D32A77",
    "FlowId": "1d1aa58bfa6f4a398aa9624ff12a75af",
    "FlowEditionId": "4964D5E8EE9E4A5DAC4EE16EAECB7D15",
    "FlowName": "森林法第8條公共設施及公用事業用地撥用",
    "ResponsibleOrganizer": "農委會、林務局",
    "Coorganiser": "縣(市)政府、內政部、原民會",
    "Suitable": "各級政府機關、學校、公(民)營公用事業機構",
    "Edition": "3",
    "RegulationTitle": "林產物伐採查驗規則、國有林地事業區出租造林地管理要點、水土保持法",
    "PictureName": null
  },
  {
    "LazyFlowId": "CD802B3CAF7C477CB92EB4A0016C935F",
    "LazyId": "44260533d6fa42c382247ae3a89726cf",
    "FlowId": "56ac2b2a524d4a31a574d8d22bb7e946",
    "FlowEditionId": "56ac2b2a524d4a31a574d8d22bb7e946",
    "FlowName": "測試上傳附件111",
    "ResponsibleOrganizer": "測試上傳附件111",
    "Coorganiser": "測試上傳附件111",
    "Suitable": "測試上傳附件111",
    "Edition": "1",
    "RegulationTitle": "國有林林產物處分規則",
    "PictureName": "綿羊"
  },
  {
    "LazyFlowId": "E40703C7C85741988BF1EFAEAC2F39AD",
    "LazyId": "11c2130126a6485cbfdab285091cb3b7",
    "FlowId": "5f3794ff5455487f8a450760022a38ff",
    "FlowEditionId": "5f3794ff5455487f8a450760022a38ff",
    "FlowName": "測試上傳附件5",
    "ResponsibleOrganizer": "測試上傳附件5",
    "Coorganiser": "測試上傳附件5",
    "Suitable": "測試上傳附件5",
    "Edition": "1",
    "RegulationTitle": null,
    "PictureName": "S__32636931"
  },
  {
    "LazyFlowId": "36E3FD6F9E314F32B6B2D7726614C61E",
    "LazyId": "b662e4bdbe774388b77bb7254df723ff",
    "FlowId": "8e80f03e3a194b6398a7a5436d9ecf35",
    "FlowEditionId": "8e80f03e3a194b6398a7a5436d9ecf35",
    "FlowName": "非都市土地變更編定標準作業流程",
    "ResponsibleOrganizer": "地用科",
    "Coorganiser": "工程組1",
    "Suitable": "",
    "Edition": "1",
    "RegulationTitle": "非都市土地使用管制規則",
    "PictureName": "非都市土地變更編定流程圖"
  },
  {
    "LazyFlowId": "94C98B97068C4D86924EA3F590B5BDDD",
    "LazyId": "44260533d6fa42c382247ae3a89726cf",
    "FlowId": "54f0e913afcd4a2ab4950b489c107f6d",
    "FlowEditionId": "a1c7471b95fc430babe508d7f3893981",
    "FlowName": "災害防救法施行細則",
    "ResponsibleOrganizer": "林區管理處",
    "Coorganiser": "",
    "Suitable": "各級政府機關",
    "Edition": "2",
    "RegulationTitle": "具生產性私有林限制採伐補償要點",
    "PictureName": "雲層"
  },
  {
    "LazyFlowId": "01EE1CF7E19D4FA9B0F321003D07F4F2",
    "LazyId": "5069A13B95974606ABD5D680B3004079",
    "FlowId": "14736b313c2d437ab31c10a7782af032",
    "FlowEditionId": "acfabd20843142edbd3b21ab7b6f42db",
    "FlowName": "林產物伐採申請案件",
    "ResponsibleOrganizer": "林區管理處",
    "Coorganiser": "縣政府",
    "Suitable": "各級政府機關",
    "Edition": "3",
    "RegulationTitle": "森林法、國有林地事業區出租造林地管理要點、水土保持法",
    "PictureName": null
  },
  {
    "LazyFlowId": "B114302660314A6C862A8688E012ABB1",
    "LazyId": "26A71075D4324FB4A805490B64394DC4",
    "FlowId": "14736b313c2d437ab31c10a7782af032",
    "FlowEditionId": "acfabd20843142edbd3b21ab7b6f42db",
    "FlowName": "林產物伐採申請案件",
    "ResponsibleOrganizer": "林區管理處",
    "Coorganiser": "縣政府",
    "Suitable": "各級政府機關",
    "Edition": "3",
    "RegulationTitle": "森林法、國有林地事業區出租造林地管理要點、水土保持法",
    "PictureName": null
  },
  {
    "LazyFlowId": "F0B1E1D0218B4F04801CE73B5F152F29",
    "LazyId": "86951dfc05a24971b95d27d1b3bd16eb",
    "FlowId": "14736b313c2d437ab31c10a7782af032",
    "FlowEditionId": "acfabd20843142edbd3b21ab7b6f42db",
    "FlowName": "林產物伐採申請案件",
    "ResponsibleOrganizer": "林區管理處",
    "Coorganiser": "縣政府",
    "Suitable": "各級政府機關",
    "Edition": "3",
    "RegulationTitle": "森林法、國有林地事業區出租造林地管理要點、水土保持法",
    "PictureName": null
  },
  {
    "LazyFlowId": "10E660F3C4B5484C85CFCC7B719F3DF0",
    "LazyId": "5069A13B95974606ABD5D680B3004079",
    "FlowId": "B5078E8B5A0045DB9624DFF1F5C325DF",
    "FlowEditionId": "B5078E8B5A0045DB9624DFF1F5C325DF",
    "FlowName": "繼承承租權申請案",
    "ResponsibleOrganizer": "林區管理處",
    "Coorganiser": "無",
    "Suitable": "租地造林、暫准租地承租人",
    "Edition": "2",
    "RegulationTitle": "民法",
    "PictureName": null
  },
  {
    "LazyFlowId": "FAFC051666DE44F98A89577E41D7557A",
    "LazyId": "836C56A1983D4F30A4992C26D4D32A77",
    "FlowId": "B5078E8B5A0045DB9624DFF1F5C325DF",
    "FlowEditionId": "B5078E8B5A0045DB9624DFF1F5C325DF",
    "FlowName": "繼承承租權申請案",
    "ResponsibleOrganizer": "林區管理處",
    "Coorganiser": "無",
    "Suitable": "租地造林、暫准租地承租人",
    "Edition": "2",
    "RegulationTitle": "民法",
    "PictureName": null
  },
  {
    "LazyFlowId": "3527619DC65A457EA6E6AD04BD8A5D6B",
    "LazyId": "86951dfc05a24971b95d27d1b3bd16eb",
    "FlowId": "B5078E8B5A0045DB9624DFF1F5C325DF",
    "FlowEditionId": "B5078E8B5A0045DB9624DFF1F5C325DF",
    "FlowName": "繼承承租權申請案",
    "ResponsibleOrganizer": "林區管理處",
    "Coorganiser": "無",
    "Suitable": "租地造林、暫准租地承租人",
    "Edition": "2",
    "RegulationTitle": "民法",
    "PictureName": null
  },
  {
    "LazyFlowId": "7FFE6E72833E4831A408481CE93B5996",
    "LazyId": "44260533d6fa42c382247ae3a89726cf",
    "FlowId": "B5078E8B5A0045DB9624DFF1F5C325DF",
    "FlowEditionId": "B5078E8B5A0045DB9624DFF1F5C325DF",
    "FlowName": "繼承承租權申請案",
    "ResponsibleOrganizer": "林區管理處",
    "Coorganiser": "無",
    "Suitable": "租地造林、暫准租地承租人",
    "Edition": "2",
    "RegulationTitle": "民法",
    "PictureName": null
  },
  {
    "LazyFlowId": "DD6A45171D0942D28FBF0DB098BD3E3C",
    "LazyId": "11c2130126a6485cbfdab285091cb3b7",
    "FlowId": "b7a6ad6afa8f4362ba03b5184a9795a0",
    "FlowEditionId": "b7a6ad6afa8f4362ba03b5184a9795a0",
    "FlowName": "「數位簽章」技術之當事人關係圖及運作之流程圖",
    "ResponsibleOrganizer": "",
    "Coorganiser": "",
    "Suitable": "",
    "Edition": "1",
    "RegulationTitle": "電子簽章法",
    "PictureName": "電子簽章流程圖2"
  },
  {
    "LazyFlowId": "1D211D9D492342E78EE92C6883F4DB43",
    "LazyId": "d833c3b9ae4d499ba2cdf762ff494b00",
    "FlowId": "cbd7e1f374ad44f8adc01dc2217dd74b",
    "FlowEditionId": "cbd7e1f374ad44f8adc01dc2217dd74b",
    "FlowName": "地政流程圖",
    "ResponsibleOrganizer": "",
    "Coorganiser": "",
    "Suitable": "",
    "Edition": "1",
    "RegulationTitle": "土地登記規則",
    "PictureName": "地政流程圖"
  },
  {
    "LazyFlowId": "B524854B96794FD5BE3A918EF903C8CE",
    "LazyId": "836C56A1983D4F30A4992C26D4D32A77",
    "FlowId": "92400308c34247f5a6c1c6930dc000a7",
    "FlowEditionId": "EB8B7733C9A84C2483B98730AA97639B",
    "FlowName": "承租權轉讓申請案件",
    "ResponsibleOrganizer": "林區管理處",
    "Coorganiser": "無",
    "Suitable": "租地造林承租人",
    "Edition": "3",
    "RegulationTitle": "獎勵輔導造林辦法、國有林地事業區出租造林地管理要點",
    "PictureName": null
  },
  {
    "LazyFlowId": "4FEB1FDC0E5C4E60A22D9F7C60AE857E",
    "LazyId": "86951dfc05a24971b95d27d1b3bd16eb",
    "FlowId": "92400308c34247f5a6c1c6930dc000a7",
    "FlowEditionId": "EB8B7733C9A84C2483B98730AA97639B",
    "FlowName": "承租權轉讓申請案件",
    "ResponsibleOrganizer": "林區管理處",
    "Coorganiser": "無",
    "Suitable": "租地造林承租人",
    "Edition": "3",
    "RegulationTitle": "獎勵輔導造林辦法、國有林地事業區出租造林地管理要點",
    "PictureName": null
  }
]