[
  {
    "LazyAttachId": "1CE55850D84045B7B128B668ECDF96CB",
    "LazyId": "44260533d6fa42c382247ae3a89726cf",
    "AttachId": "39ea5ba007644aebaf391989fbc08dca",
    "AttachName": "切結書 (18)",
    "AttachRelatedId": "44260533d6fa42c382247ae3a89726cf",
    "AttachLevel": "L0",
    "AttachFileExt": ".docx",
    "UpActualFileName": "202105271728251759"
  },
  {
    "LazyAttachId": "1649f4a4a086437fae2cbdd75269dc7a",
    "LazyId": "44260533d6fa42c382247ae3a89726cf",
    "AttachId": "51b01728fd774cac8af97240747ca7df",
    "AttachName": "TGO",
    "AttachRelatedId": "44260533d6fa42c382247ae3a89726cf",
    "AttachLevel": "L0",
    "AttachFileExt": ".xls",
    "UpActualFileName": "202106142012462598"
  },
  {
    "LazyAttachId": "a76c113c70f94f9a87d7fd87ede052e4",
    "LazyId": "b662e4bdbe774388b77bb7254df723ff",
    "AttachId": "fdcf921060a747a299c5ec8989d24c5d",
    "AttachName": "申請表 (14) (1)",
    "AttachRelatedId": "b662e4bdbe774388b77bb7254df723ff",
    "AttachLevel": "L0",
    "AttachFileExt": ".docx",
    "UpActualFileName": "202107131615589175"
  },
  {
    "LazyAttachId": "7fec8876543647799aaae4cd2e6371d1",
    "LazyId": "2f05953073c34d19bdadb814932a8c06",
    "AttachId": "9e2ebc4ad1254d29ab3f5683bea292c1",
    "AttachName": "e指通教育訓練",
    "AttachRelatedId": "2f05953073c34d19bdadb814932a8c06",
    "AttachLevel": "L0",
    "AttachFileExt": ".pdf",
    "UpActualFileName": "202107131745291397"
  },
  {
    "LazyAttachId": "4df730848a2841e88c9f299e722245df",
    "LazyId": "11c2130126a6485cbfdab285091cb3b7",
    "AttachId": "63ad75e0e9bf44fd91405cb25e2b0b78",
    "AttachName": "林管處檢核表 (7)",
    "AttachRelatedId": "11c2130126a6485cbfdab285091cb3b7",
    "AttachLevel": "L0",
    "AttachFileExt": ".docx",
    "UpActualFileName": "202109021629342876"
  },
  {
    "LazyAttachId": "0588887cc4a1419cb4d4c3fd80c7a124",
    "LazyId": "d833c3b9ae4d499ba2cdf762ff494b00",
    "AttachId": "9c5b1e6b4cb74023a38ddce0d0ccc23b",
    "AttachName": "QRCode-20210901 (1)",
    "AttachRelatedId": "d833c3b9ae4d499ba2cdf762ff494b00",
    "AttachLevel": "L0",
    "AttachFileExt": ".pdf",
    "UpActualFileName": "202109161636167251"
  },
  {
    "LazyAttachId": "9326211bcc3d41118c8a30258fee01a5",
    "LazyId": "d833c3b9ae4d499ba2cdf762ff494b00",
    "AttachId": "9a6564dd89d54da58ba9fe0d6287ad6d",
    "AttachName": "QRCode-20210901",
    "AttachRelatedId": "d833c3b9ae4d499ba2cdf762ff494b00",
    "AttachLevel": "L0",
    "AttachFileExt": ".pdf",
    "UpActualFileName": "202109161636167490"
  },
  {
    "LazyAttachId": "783b722fa9bd4fba90e778d43b56734b",
    "LazyId": "11c2130126a6485cbfdab285091cb3b7",
    "AttachId": "a0196b4ad040492196b5a4a9f24081bb",
    "AttachName": "內政部令",
    "AttachRelatedId": "11c2130126a6485cbfdab285091cb3b7",
    "AttachLevel": "L0",
    "AttachFileExt": ".pdf",
    "UpActualFileName": "202107121647066882"
  }
]